Date,Open,High,Low,Close,Volume
2010-01-04,26.86,27.31,26.84,27.16,3741161
2010-01-05,27.21,27.41,27.05,27.18,2503576
2010-01-06,27.21,27.81,26.95,27.62,5946310
2010-01-07,26.75,26.96,25.64,26.81,11138755
2010-01-08,27.16,27.16,26.4,26.6,5904395
2010-01-11,26.79,26.79,26.27,26.33,3287368
2010-01-12,26.0,26.22,25.15,25.37,6844880
2010-01-13,25.54,26.08,25.23,25.9,5360800
2010-01-14,25.94,26.03,25.54,26.0,5266900
2010-01-15,26.17,26.38,25.78,25.88,5975268
2010-01-19,26.06,26.36,25.83,26.12,6055531
2010-01-20,25.92,26.15,25.69,25.78,5090695
2010-01-21,25.77,26.2,25.34,25.43,6010183
2010-01-22,25.43,25.9,25.19,25.27,5775096
2010-01-25,25.59,25.63,24.85,25.16,3524962
2010-01-26,25.07,25.55,24.95,25.16,5512948
2010-01-27,25.14,25.43,24.61,24.99,4774792
2010-01-28,25.14,25.25,24.18,24.81,4749023
2010-01-29,24.94,25.25,24.72,24.83,3633426
2010-02-01,25.06,25.2,24.75,25.2,3001199
2010-02-02,25.29,25.97,25.16,25.8,4640738
2010-02-03,25.71,26.07,25.5,25.97,4017954
2010-02-04,25.98,26.19,25.15,25.15,8024610
2010-02-05,25.08,25.31,23.92,24.45,6264877
2010-02-08,24.41,24.78,24.05,24.3,4195221
2010-02-09,24.68,24.92,24.37,24.75,4964569
2010-02-10,24.77,24.99,24.5,24.53,4596082
2010-02-11,24.5,24.79,24.16,24.79,4240236
2010-02-12,24.52,25.14,24.38,24.89,4171322
2010-02-16,24.7,25.72,24.68,25.7,6195787
2010-02-17,25.76,26.13,25.62,25.88,4816018
2010-02-18,25.84,26.03,25.41,25.96,4940266
2010-02-19,27.16,27.97,26.99,27.66,17737999
2010-02-22,27.89,28.18,27.46,27.93,6266638
2010-02-23,27.89,28.0,27.25,27.61,5111956
2010-02-24,27.55,28.25,27.55,28.24,5441343
2010-02-25,27.78,28.04,27.37,27.98,4662748
2010-02-26,28.0,28.0,27.57,27.58,3999391
2010-03-01,27.83,28.01,27.42,27.92,7449135
2010-03-02,28.07,28.95,27.62,28.88,12316364
2010-03-03,28.97,29.35,28.77,28.81,8044265
2010-03-04,28.78,29.53,28.78,29.44,6315109
2010-03-05,29.6,30.2,29.35,30.15,4297769
2010-03-08,30.26,30.76,30.2,30.61,5786104
2010-03-09,30.51,30.58,29.95,30.12,4394649
2010-03-10,30.27,30.75,29.95,30.31,4867825
2010-03-11,30.33,30.42,29.93,30.21,3294040
2010-03-12,30.5,30.67,30.23,30.56,3626693
2010-03-15,30.43,30.84,30.21,30.72,3390777
2010-03-16,30.74,30.85,30.46,30.72,3509118
2010-03-17,30.75,30.96,30.63,30.89,2795436
2010-03-18,31.02,31.48,31.02,31.18,4655030
2010-03-19,31.22,31.52,31.07,31.42,4639678
2010-03-22,31.07,32.01,30.66,31.95,3842457
2010-03-23,31.82,33.75,31.82,33.59,12555065
2010-03-24,33.38,33.48,32.7,32.79,5102202
2010-03-25,33.16,33.45,32.82,32.82,4961563
2010-03-26,32.93,33.27,32.82,33.09,3785156
2010-03-29,33.29,33.29,32.46,32.91,2866705
2010-03-30,32.9,33.42,32.67,32.68,3057606
2010-03-31,32.49,32.68,32.08,32.17,3438002
2010-04-01,32.35,33.06,32.27,32.93,3803517
2010-04-05,33.01,33.75,32.94,33.67,4560347
2010-04-06,33.57,33.7,33.31,33.42,3959242
2010-04-07,33.28,33.4,32.62,32.79,5779173
2010-04-08,31.54,31.99,30.93,30.98,12203840
2010-04-09,32.17,32.17,31.32,31.52,12371142
2010-04-12,31.62,31.62,30.89,30.96,5597098
2010-04-13,30.96,31.1,30.6,30.9,5737484
2010-04-14,31.2,31.56,30.96,31.4,6731118
2010-04-15,31.3,31.9,31.17,31.45,6041465
2010-04-16,31.26,31.66,30.95,31.09,7482822
2010-04-19,31.03,31.46,30.43,31.46,5330114
2010-04-20,31.5,31.73,30.17,30.48,11333475
2010-04-21,30.63,30.7,29.78,30.59,7541216
2010-04-22,30.42,31.91,30.18,31.65,6366167
2010-04-23,31.46,32.08,31.03,32.0,4537088
2010-04-26,32.19,32.62,32.05,32.36,4074672
2010-04-27,32.21,32.22,31.02,31.17,5400084
2010-04-28,31.32,31.42,30.02,30.66,6388916
2010-04-29,31.02,31.43,30.48,31.11,6152880
2010-04-30,31.17,31.2,29.0,29.17,9423040
2010-05-03,29.39,30.15,29.2,30.09,6156304
2010-05-04,29.65,29.66,28.47,28.71,7246812
2010-05-05,28.27,29.27,27.7,28.64,6878309
2010-05-06,28.34,29.34,26.76,28.1,10159463
2010-05-07,28.15,28.95,26.91,27.61,8056063
2010-05-10,29.22,29.8,28.62,29.62,6391494
2010-05-11,28.43,29.63,28.43,29.07,6903341
2010-05-12,29.36,29.77,28.93,29.63,3733495
2010-05-13,29.56,29.66,28.1,28.17,7452948
2010-05-14,27.99,28.04,27.1,27.54,7807880
2010-05-17,27.99,28.31,26.67,27.62,7429193
2010-05-18,27.96,28.1,26.52,26.65,6805461
2010-05-19,26.23,26.98,26.04,26.51,7728258
2010-05-20,25.98,26.94,25.7,26.0,9231296
2010-05-21,25.56,27.44,25.56,27.33,10775572
2010-05-24,27.32,27.6,26.91,27.0,5094722
2010-05-25,26.08,27.14,25.97,27.14,4167589
2010-05-26,27.43,27.56,26.32,26.43,5933502
2010-05-27,27.02,27.81,26.75,27.78,4858419
2010-05-28,27.66,28.11,27.32,27.49,4007363
2010-06-01,27.12,27.48,26.51,26.57,5309059
2010-06-02,26.79,27.16,26.38,27.14,4634151
2010-06-03,27.29,27.98,26.91,27.07,4336835
2010-06-04,26.53,26.53,25.1,25.48,7213292
2010-06-07,25.48,25.78,24.7,24.76,3906970
2010-06-08,24.86,25.22,24.5,25.16,4304244
2010-06-09,25.32,25.87,25.19,25.34,4636820
2010-06-10,25.9,26.32,25.72,26.27,3599661
2010-06-11,25.92,26.43,25.66,25.99,3124162
2010-06-14,26.22,27.54,26.2,27.14,6057231
2010-06-15,27.25,27.82,27.08,27.58,5489769
2010-06-16,27.35,27.55,26.6,27.21,9642299
2010-06-17,27.25,27.31,26.31,26.57,7081068
2010-06-18,26.66,26.76,26.0,26.16,5310659
2010-06-21,26.57,26.71,25.35,25.37,6565850
2010-06-22,25.4,25.9,24.56,24.66,7746037
2010-06-23,24.69,24.87,24.01,24.66,7240822
2010-06-24,24.48,24.48,23.05,23.24,11555305
2010-06-25,23.3,23.46,22.88,23.21,6211346
2010-06-28,23.22,23.35,22.75,23.01,4705291
2010-06-29,22.76,22.76,21.58,21.75,8632682
2010-06-30,21.97,22.07,21.41,21.48,6403692
2010-07-01,21.39,21.66,20.93,21.48,13061388
2010-07-02,21.63,21.78,20.87,21.16,5832298
2010-07-06,21.59,21.71,20.32,20.83,11793842
2010-07-07,20.73,21.78,20.65,21.78,10184246
2010-07-08,23.85,24.31,22.94,23.24,16612374
2010-07-09,23.18,23.46,22.74,23.36,7000520
2010-07-12,23.12,23.26,22.35,22.56,5700852
2010-07-13,22.89,23.3,22.78,23.19,4700058
2010-07-14,23.0,23.03,22.64,22.99,4606810
2010-07-15,22.94,23.16,22.51,22.75,4073048
2010-07-16,22.6,22.73,21.73,21.73,5354213
2010-07-19,21.77,22.02,21.43,21.95,3121201
2010-07-20,21.65,23.96,21.5,23.96,13676846
2010-07-21,23.91,24.62,23.51,23.63,9933659
2010-07-22,23.97,25.0,23.97,24.66,6661694
2010-07-23,24.5,25.16,24.23,25.06,4670741
2010-07-26,25.0,25.75,24.72,25.73,3995363
2010-07-27,25.84,25.9,25.34,25.41,4832887
2010-07-28,25.29,25.67,24.84,24.92,4386918
2010-07-29,25.08,25.47,24.24,24.65,4492572
2010-07-30,24.28,24.71,23.9,24.63,3922631
2010-08-02,25.07,25.7,24.54,25.48,6468174
2010-08-03,25.29,25.29,23.27,23.38,13066961
2010-08-04,23.46,24.13,23.41,23.96,6410115
2010-08-05,22.74,23.03,22.0,22.12,12046964
2010-08-06,21.78,21.86,21.26,21.81,10312968
2010-08-09,21.9,22.11,21.23,21.53,9563614
2010-08-10,21.01,21.47,20.86,21.02,10647350
2010-08-11,20.7,21.02,20.61,20.83,6144409
2010-08-12,20.42,20.89,20.2,20.8,8090005
2010-08-13,21.1,21.2,19.79,19.82,11514529
2010-08-16,19.75,19.9,19.44,19.56,6265022
2010-08-17,19.71,20.23,19.46,20.14,8443783
2010-08-18,20.15,20.77,19.96,20.66,7561942
2010-08-19,20.55,21.0,20.42,20.6,9744148
2010-08-20,20.48,21.26,20.44,21.18,7006455
2010-08-23,21.35,21.4,20.93,20.98,5773137
2010-08-24,20.59,20.76,20.19,20.57,8426108
2010-08-25,20.45,21.22,20.34,21.11,9882060
2010-08-26,21.17,21.21,20.31,20.32,4611232
2010-08-27,20.55,20.56,19.9,20.19,7147567
2010-08-30,20.18,20.18,19.5,19.5,5399369
2010-08-31,19.42,20.28,19.42,19.97,6432990
2010-09-01,20.31,20.76,20.2,20.75,5116625
2010-09-02,21.21,21.55,21.04,21.41,5487775
2010-09-03,21.59,21.96,21.47,21.59,5554214
2010-09-07,21.44,21.48,20.75,20.76,4240233
2010-09-08,20.81,21.21,20.81,20.97,2977462
2010-09-09,21.27,21.3,20.59,20.73,3150568
2010-09-10,20.79,21.23,20.61,21.15,3970670
2010-09-13,21.47,22.44,21.27,22.33,11673799
2010-09-14,23.06,24.24,22.98,23.99,16582876
2010-09-15,23.93,24.44,23.57,24.4,7588226
2010-09-16,24.21,24.45,23.81,24.41,7038229
2010-09-17,24.49,24.5,23.98,24.4,9261959
2010-09-20,24.35,24.94,24.26,24.85,9238388
2010-09-21,24.73,24.96,24.2,24.85,8546482
2010-09-22,24.62,24.71,24.15,24.59,8298865
2010-09-23,24.17,24.92,23.9,24.6,6482452
2010-09-24,24.9,25.66,24.87,25.55,4883044
2010-09-27,25.34,25.84,25.11,25.68,8068402
2010-09-28,25.81,26.15,25.32,26.11,6842094
2010-09-29,26.0,27.03,25.97,27.0,10842306
2010-09-30,27.22,27.3,26.55,27.18,11868291
2010-10-01,27.31,27.62,27.19,27.44,10039398
2010-10-04,27.01,27.63,26.79,27.57,15758956
2010-10-05,27.81,29.15,27.81,29.02,22022257
2010-10-06,28.44,29.23,28.42,29.0,13829479
2010-10-07,28.1,31.77,27.5,31.64,30737337
2010-10-08,32.24,33.88,32.14,32.49,39839888
2010-10-11,32.85,33.62,32.56,33.12,14344957
2010-10-12,32.97,33.95,32.76,33.81,7552419
2010-10-13,33.68,34.5,32.81,33.46,12896238
2010-10-14,33.49,33.88,32.91,33.1,5613258
2010-10-15,32.99,33.92,32.59,33.87,7055343
2010-10-18,33.47,33.6,32.47,33.3,8199189
2010-10-19,32.85,33.61,32.23,32.73,8190402
2010-10-20,32.8,33.23,32.73,32.96,3205123
2010-10-21,33.15,33.49,32.15,32.42,4932646
2010-10-22,32.61,32.9,32.4,32.55,3857969
2010-10-25,32.77,33.44,32.6,32.7,4757672
2010-10-26,32.41,33.0,32.07,32.77,3945774
2010-10-27,32.51,32.56,31.47,32.26,6474847
2010-10-28,32.37,32.56,31.4,31.69,5816175
2010-10-29,31.52,31.79,31.17,31.18,5637861
2010-11-01,31.79,31.97,30.8,31.13,4528135
2010-11-02,31.36,31.81,30.52,31.45,3814771
2010-11-03,31.54,31.57,30.68,31.24,3735884
2010-11-04,31.61,32.65,31.41,32.32,4895143
2010-11-05,32.66,32.83,32.4,32.59,3647344
2010-11-08,32.54,33.28,32.5,33.13,3800088
2010-11-09,33.31,33.31,32.03,32.19,4256459
2010-11-10,32.09,32.69,31.85,32.67,3109710
2010-11-11,32.15,32.99,31.52,32.22,4566894
2010-11-12,31.66,33.12,31.05,31.13,7608102
2010-11-15,31.54,31.86,31.13,31.19,3200331
2010-11-16,30.97,31.16,30.26,30.8,5301865
2010-11-17,30.88,31.78,30.79,31.61,3577674
2010-11-18,32.0,32.46,31.04,31.13,4925987
2010-11-19,31.12,32.2,31.0,32.13,4107252
2010-11-22,31.97,32.62,31.64,32.05,3035418
2010-11-23,31.79,32.83,31.6,32.38,4056581
2010-11-24,32.73,32.94,32.44,32.82,2416488
2010-11-26,32.65,32.87,32.33,32.55,1658188
2010-11-29,32.3,32.86,31.9,32.77,3067940
2010-11-30,32.4,33.56,32.13,33.27,4736079
2010-12-01,33.86,34.27,33.47,33.7,3837260
2010-12-02,34.5,35.0,33.89,34.47,6286539
2010-12-03,34.36,34.59,33.47,33.78,4993229
2010-12-06,33.85,34.64,33.62,34.42,3338366
2010-12-07,34.81,35.12,33.86,33.92,3487474
2010-12-08,33.91,34.13,33.53,34.02,2055345
2010-12-09,34.1,34.25,33.77,34.15,1729315
2010-12-10,34.2,34.28,33.76,33.96,1776803
2010-12-13,34.21,34.21,32.69,32.83,3935349
2010-12-14,32.99,33.06,32.38,32.47,3519915
2010-12-15,32.42,32.76,32.26,32.36,2855442
2010-12-16,32.42,32.94,31.97,32.85,3142269
2010-12-17,32.65,33.72,32.51,33.7,4917951
2010-12-20,33.73,33.97,33.45,33.63,3289205
2010-12-21,33.84,33.92,33.59,33.72,2535798
2010-12-22,33.72,33.76,32.73,32.74,3511516
2010-12-23,32.77,32.96,32.37,32.5,1827196
2010-12-27,32.42,32.57,32.0,32.45,1388084
2010-12-28,32.46,32.6,32.13,32.55,1590514
2010-12-29,32.63,32.9,32.39,32.66,1466132
2010-12-30,32.5,32.6,32.35,32.4,1368223
2010-12-31,32.34,32.44,32.11,32.31,1297060
2011-01-03,32.58,33.5,32.43,33.1,3962524
2011-01-04,33.25,33.39,31.97,32.32,3396499
2011-01-05,32.23,33.03,32.2,32.67,3650031
2011-01-06,31.99,32.43,31.43,32.06,4285054
2011-01-07,31.64,31.75,30.37,30.72,5639155
2011-01-10,30.56,30.95,30.32,30.89,2279200
2011-01-11,31.08,31.2,30.35,30.49,2895265
2011-01-12,30.79,30.92,30.48,30.66,1942756
2011-01-13,30.67,30.83,30.41,30.67,2338943
2011-01-14,30.6,30.82,30.18,30.4,2960194
2011-01-18,30.32,30.35,29.58,29.59,4218780
2011-01-19,29.61,29.81,28.71,29.08,5637400
2011-01-20,29.73,31.52,29.73,30.1,10111648
2011-01-21,30.39,30.82,29.84,30.34,5633938
2011-01-24,31.47,32.7,31.4,32.52,10433523
2011-01-25,32.32,32.58,31.86,32.13,4406257
2011-01-26,32.29,32.45,31.79,32.33,3424617
2011-01-27,32.24,32.99,32.1,32.9,3653381
2011-01-28,32.9,33.02,32.12,32.29,5046338
2011-01-31,32.35,32.56,31.91,32.07,3760800
2011-02-01,32.16,32.24,31.34,31.81,4424629
2011-02-02,31.64,31.78,30.8,30.96,5812328
2011-02-03,32.02,32.33,30.71,30.88,8950098
2011-02-04,31.06,31.75,30.9,31.59,4030190
2011-02-07,31.63,33.56,31.49,33.39,5813077
2011-02-08,33.5,35.03,33.31,35.03,6964388
2011-02-09,34.95,36.08,34.64,35.79,6670334
2011-02-10,35.47,36.16,35.3,36.0,4651778
2011-02-11,35.8,36.33,35.73,36.3,4149734
2011-02-14,36.05,36.39,35.67,36.02,3892915
2011-02-15,35.9,36.25,35.7,35.96,3239606
2011-02-16,36.28,37.48,36.23,36.75,4055760
2011-02-17,36.56,37.37,36.56,36.94,2317298
2011-02-18,36.88,37.27,36.78,37.02,3264366
2011-02-22,36.59,37.21,35.88,36.15,3870689
2011-02-23,36.0,36.67,34.96,35.74,3580566
2011-02-24,35.66,36.61,35.36,36.55,4799249
2011-02-25,36.65,36.65,34.12,34.16,9789919
2011-02-28,34.33,35.23,34.14,34.96,5710672
2011-03-01,34.86,34.89,33.87,34.2,4112085
2011-03-02,34.02,34.3,33.66,34.23,3418536
2011-03-03,34.66,34.84,33.73,33.94,3408328
2011-03-04,34.01,34.67,33.59,34.11,4809389
2011-03-07,34.19,35.11,34.17,34.41,3848282
2011-03-08,34.39,35.45,33.37,35.26,4392821
2011-03-09,35.09,37.23,35.02,36.94,6553980
2011-03-10,36.36,37.61,36.25,36.81,5136994
2011-03-11,37.42,38.61,36.92,37.67,7061980
2011-03-14,37.4,37.83,36.54,36.85,3611272
2011-03-15,35.52,36.91,35.47,36.58,4427530
2011-03-16,36.5,36.96,35.93,36.15,5568843
2011-03-17,36.62,36.65,35.74,35.94,3392061
2011-03-18,36.47,36.7,35.81,36.22,5305637
2011-03-21,36.79,37.02,35.94,36.2,3321173
2011-03-22,36.25,36.66,35.75,35.86,2010105
2011-03-23,35.8,36.17,35.22,36.05,2588219
2011-03-24,36.16,36.65,36.02,36.63,2320048
2011-03-25,36.6,37.59,36.34,37.03,2986185
2011-03-28,37.04,37.27,35.94,35.97,2219880
2011-03-29,35.98,36.2,35.53,36.18,1812266
2011-03-30,36.35,36.84,36.11,36.64,1943069
2011-03-31,36.37,36.37,35.45,35.91,2292593
2011-04-01,36.13,36.39,35.63,36.0,2340526
2011-04-04,36.03,36.2,35.7,35.88,1207801
2011-04-05,35.73,37.49,35.63,36.95,3781222
2011-04-06,36.87,37.53,36.18,36.94,3436040
2011-04-07,36.96,38.18,36.72,37.54,3471773
2011-04-08,37.59,37.97,36.94,37.2,3499357
2011-04-11,37.06,38.75,37.06,38.02,3859007
2011-04-12,37.63,38.61,37.43,37.77,3529055
2011-04-13,38.05,38.05,37.16,37.35,3555117
2011-04-14,37.37,37.37,36.79,37.15,2924621
2011-04-15,37.24,37.61,36.98,37.26,3049918
2011-04-18,36.83,37.1,36.29,36.82,2154827
2011-04-19,36.81,37.18,36.63,37.04,2883458
2011-04-20,37.5,38.05,37.23,37.58,2365050
2011-04-21,37.76,37.88,37.27,37.39,1655485
2011-04-25,37.51,38.01,37.22,37.88,1889736
2011-04-26,37.94,39.02,37.93,38.85,2712219
2011-04-27,38.89,39.01,38.6,38.74,2220900
2011-04-28,38.64,39.12,38.57,38.92,2109074
2011-04-29,38.98,39.24,38.38,38.45,2593460
2011-05-02,38.67,39.08,38.12,38.44,3078290
2011-05-03,38.4,38.9,38.11,38.63,3355917
2011-05-04,38.66,39.73,38.48,39.42,4376254
2011-05-05,37.38,38.6,36.8,37.46,8108593
2011-05-06,37.83,38.26,36.9,37.28,3891789
2011-05-09,37.22,37.31,36.58,36.89,2621878
2011-05-10,36.88,37.53,36.69,37.39,3579116
2011-05-11,37.6,38.17,37.16,37.64,4453471
2011-05-12,37.64,38.73,37.27,38.52,3058062
2011-05-13,38.59,38.78,37.86,38.44,5240013
2011-05-16,40.86,41.0,36.85,37.21,15942436
2011-05-17,37.18,37.79,36.45,36.71,5419601
2011-05-18,36.76,37.75,36.58,37.69,3282643
2011-05-19,37.81,38.2,37.09,37.96,2520882
2011-05-20,37.45,37.55,35.86,36.1,7231893
2011-05-23,35.65,36.34,35.52,36.02,3300464
2011-05-24,36.04,36.53,35.98,36.11,3525725
2011-05-25,35.79,35.92,35.17,35.86,4628807
2011-05-26,35.72,36.18,35.53,35.98,4389748
2011-05-27,35.97,36.27,35.72,36.0,2225662
2011-05-31,36.32,36.39,35.35,35.43,5396528
2011-06-01,35.39,35.68,33.53,33.99,8061654
2011-06-02,32.67,33.75,32.51,33.07,7347029
2011-06-03,32.6,33.01,32.13,32.26,4414888
2011-06-06,32.11,32.46,31.45,31.49,3775590
2011-06-07,31.8,31.99,31.54,31.64,4001400
2011-06-08,31.45,31.67,30.66,30.71,8402806
2011-06-09,30.91,31.13,30.59,30.72,5636447
2011-06-10,30.62,30.75,29.82,29.92,3992178
2011-06-13,30.05,30.54,30.02,30.11,4952797
2011-06-14,30.44,36.12,30.34,35.37,47631120
2011-06-15,34.58,35.14,33.83,34.12,18034089
2011-06-16,34.13,34.56,33.65,34.27,6881720
2011-06-17,34.56,34.84,34.06,34.29,6614139
2011-06-20,34.36,35.62,34.26,35.19,6682543
2011-06-21,35.49,36.19,35.0,35.86,5855586
2011-06-22,35.76,36.15,34.88,34.88,3898024
2011-06-23,34.57,35.36,34.46,35.01,6902047
2011-06-24,35.07,35.23,34.13,34.24,6604292
2011-06-27,34.38,34.61,34.06,34.31,3214075
2011-06-28,34.55,35.21,34.32,35.2,3954367
2011-06-29,35.36,35.51,34.74,34.93,3986442
2011-06-30,34.84,34.94,34.35,34.54,4133724
2011-07-01,34.55,35.16,34.23,35.03,3199280
2011-07-05,35.08,35.19,34.05,34.36,4706905
2011-07-06,34.2,34.43,33.96,34.19,4309359
2011-07-07,33.53,33.98,32.8,33.73,12165065
2011-07-08,33.04,33.34,32.8,32.96,5784584
2011-07-11,32.47,32.62,31.72,31.81,5490403
2011-07-12,31.64,32.69,31.24,32.09,6352700
2011-07-13,32.34,32.66,32.02,32.1,4654788
2011-07-14,32.09,32.29,31.58,31.85,5672405
2011-07-15,31.94,32.09,31.44,31.57,4049019
2011-07-18,31.48,31.83,31.08,31.36,3936585
2011-07-19,31.38,31.81,31.2,31.73,3403363
2011-07-20,31.88,31.95,31.18,31.31,3071028
2011-07-21,31.55,32.1,31.54,31.7,3963637
2011-07-22,31.66,31.75,31.17,31.42,2822617
2011-07-25,31.1,31.66,30.93,31.22,3406735
2011-07-26,31.2,31.54,30.82,31.48,4804557
2011-07-27,31.24,31.88,30.86,30.93,5814254
2011-07-28,31.45,31.95,30.9,30.98,4499067
2011-07-29,30.59,31.09,30.41,30.76,5262130
2011-08-01,31.08,31.12,30.1,30.45,6254612
2011-08-02,30.12,31.81,29.92,30.28,9010245
2011-08-03,30.22,31.05,29.93,30.43,6882822
2011-08-04,30.1,30.16,28.53,28.67,7795660
2011-08-05,29.13,29.13,27.25,28.35,7236456
2011-08-08,27.42,27.52,25.07,25.6,9484981
2011-08-09,26.26,26.88,24.8,26.65,7235229
2011-08-10,25.91,26.57,25.24,25.29,7980093
2011-08-11,25.97,27.72,25.73,26.83,6775331
2011-08-12,26.69,27.5,25.76,26.55,8924460
2011-08-15,26.74,27.33,26.63,27.06,4095312
2011-08-16,26.67,27.11,26.13,26.47,5185173
2011-08-17,26.58,26.9,25.29,25.82,5014875
2011-08-18,24.71,24.71,23.5,23.81,6894273
2011-08-19,23.44,25.46,23.44,24.38,10887145
2011-08-22,25.01,25.52,24.45,25.03,6651955
2011-08-23,25.12,26.06,24.97,26.01,4681474
2011-08-24,25.92,26.91,25.66,26.7,4687599
2011-08-25,26.9,27.13,25.98,26.18,4750905
2011-08-26,25.99,27.23,25.81,26.69,5558653
2011-08-29,27.15,27.57,26.93,27.45,4903837
2011-08-30,27.16,27.41,26.72,26.97,5818688
2011-08-31,27.34,27.44,26.37,26.63,6680024
2011-09-01,26.47,27.03,26.0,26.26,7325681
2011-09-02,25.55,25.86,25.0,25.15,6407479
2011-09-06,24.25,25.95,24.1,25.89,8360001
2011-09-07,26.17,26.75,25.96,26.69,6088343
2011-09-08,26.45,26.86,25.82,26.07,4572611
2011-09-09,25.75,26.43,25.1,25.34,7414542
2011-09-12,24.93,25.88,24.79,25.82,5703294
2011-09-13,25.7,26.47,25.35,26.23,8246300
2011-09-14,26.42,27.64,26.27,27.0,7441119
2011-09-15,27.19,27.31,26.37,27.22,8208472
2011-09-16,27.37,28.32,27.37,28.0,18407355
2011-09-19,27.55,27.91,26.87,27.44,4975242
2011-09-20,27.58,27.88,27.0,27.04,4374691
2011-09-21,27.0,27.12,26.23,26.29,7324338
2011-09-22,25.39,26.42,24.98,25.38,8471881
2011-09-23,25.04,26.4,24.72,25.53,6944551
2011-09-26,25.92,27.25,25.9,27.17,5474111
2011-09-27,27.68,28.19,27.21,27.48,5379231
2011-09-28,27.72,28.59,27.49,27.55,6158886
2011-09-29,28.11,28.14,26.74,27.58,4828684
2011-09-30,27.19,27.96,26.74,26.78,4774838
2011-10-03,26.52,27.33,26.06,26.12,6563173
2011-10-04,25.76,27.99,25.44,27.94,8668460
2011-10-05,27.76,28.1,27.04,27.64,6054313
2011-10-06,27.06,28.85,26.98,28.42,11451056
2011-10-07,28.46,29.26,28.26,28.93,7911696
2011-10-10,29.38,30.97,29.32,30.01,6485443
2011-10-11,29.89,30.09,29.4,29.97,5486975
2011-10-12,30.24,30.81,29.8,30.23,4671452
2011-10-13,30.14,30.39,29.42,29.67,2814202
2011-10-14,30.25,30.29,29.42,30.04,2905270
2011-10-17,29.91,30.77,29.82,29.99,3201712
2011-10-18,29.99,31.86,29.46,31.49,6005701
2011-10-19,31.4,31.84,31.1,31.46,4527595
2011-10-20,31.5,32.11,30.72,31.93,5030602
2011-10-21,32.44,33.47,32.25,32.89,5007974
2011-10-24,33.14,34.5,32.93,34.0,6578702
2011-10-25,33.65,33.69,32.93,33.02,3213659
2011-10-26,33.51,33.65,32.41,32.68,3593767
2011-10-27,33.8,33.96,33.03,33.52,4421949
2011-10-28,33.28,33.52,32.71,33.08,2413651
2011-10-31,32.71,33.17,32.08,32.08,3535832
2011-11-01,31.69,32.02,30.28,31.71,3956922
2011-11-02,32.25,32.83,32.03,32.58,3729870
2011-11-03,31.68,33.8,31.68,33.52,5035869
2011-11-04,33.2,33.89,32.96,33.69,2797279
2011-11-07,33.79,33.88,32.96,33.44,4344754
2011-11-08,33.63,33.92,32.87,33.77,3268643
2011-11-09,32.93,33.33,32.33,32.7,5089747
2011-11-10,33.05,33.49,32.63,32.9,3080381
2011-11-11,33.18,34.12,32.78,33.92,5938790
2011-11-14,33.15,34.47,32.86,32.98,6812670
2011-11-15,32.93,33.1,31.67,32.25,4921086
2011-11-16,32.07,32.91,31.8,32.13,3842612
2011-11-17,32.14,32.58,31.46,31.67,3456150
2011-11-18,31.82,31.82,31.14,31.57,2981603
2011-11-21,31.28,31.45,30.7,31.19,3304288
2011-11-22,31.15,31.27,30.35,30.62,2966697
2011-11-23,30.28,30.48,29.84,29.87,2719252
2011-11-25,29.83,30.05,29.55,29.61,939029
2011-11-28,30.76,30.87,29.92,30.09,3052226
2011-11-29,30.24,30.39,29.93,30.27,5330694
2011-11-30,31.3,32.1,30.93,32.04,6376803
2011-12-01,31.79,33.13,31.71,32.22,4368938
2011-12-02,32.54,33.2,32.44,32.98,4514305
2011-12-05,33.43,33.9,33.15,33.52,3251631
2011-12-06,33.54,33.69,33.0,33.3,2713269
2011-12-07,33.04,33.71,32.98,33.51,3854053
2011-12-08,33.42,33.67,33.13,33.2,2720610
2011-12-09,33.29,33.83,33.26,33.58,2439280
2011-12-12,33.12,33.24,32.57,33.18,2049180
2011-12-13,33.45,33.45,31.75,31.88,3482909
2011-12-14,31.69,32.88,31.69,32.37,3308657
2011-12-15,32.72,32.95,32.4,32.59,2505095
2011-12-16,32.98,33.08,32.47,32.64,2663000
2011-12-19,32.96,33.06,32.14,32.28,2497298
2011-12-20,32.68,33.52,32.66,33.44,2497422
2011-12-21,33.51,34.82,33.24,34.61,3773623
2011-12-22,34.61,35.35,34.56,35.19,3150803
2011-12-23,35.43,35.67,35.02,35.67,2225597
2011-12-27,35.36,35.47,34.99,35.29,1842863
2011-12-28,35.29,35.6,34.86,35.34,1907850
2011-12-29,35.52,35.88,35.4,35.51,1560249
2011-12-30,35.5,35.72,35.15,35.15,2496218
2012-01-03,35.95,35.95,34.88,35.02,5041734
2012-01-04,34.94,35.06,34.22,34.91,4724462
2012-01-05,32.59,34.22,32.46,33.97,13502199
2012-01-06,34.28,35.3,33.74,34.96,6749040
2012-01-09,35.23,35.29,34.34,34.57,3357416
2012-01-10,34.88,34.91,34.26,34.42,2603489
2012-01-11,34.36,34.64,34.29,34.56,3608109
2012-01-12,34.59,34.64,33.65,34.26,3625281
2012-01-13,34.0,34.43,33.72,33.74,2661465
2012-01-17,34.03,34.03,33.25,33.28,3614771
2012-01-18,33.35,34.03,33.27,33.92,4164628
2012-01-19,34.06,35.56,34.06,35.53,5983720
2012-01-20,35.38,35.65,34.99,35.09,3493659
2012-01-23,34.88,35.4,34.54,34.97,5640235
2012-01-24,34.61,34.84,34.3,34.6,4762245
2012-01-25,35.16,35.24,33.41,34.28,12278238
2012-01-26,34.32,41.24,34.32,40.72,46895157
2012-01-27,40.46,41.86,40.02,41.42,19341542
2012-01-30,41.06,42.29,40.78,41.81,10523953
2012-01-31,41.73,42.22,41.25,41.55,9328318
2012-02-01,41.34,42.11,40.96,41.32,9768680
2012-02-02,41.24,41.77,40.38,41.42,6902326
2012-02-03,41.25,42.11,41.04,41.06,6982319
2012-02-06,40.71,41.29,40.65,41.27,3751422
2012-02-07,40.86,42.55,40.86,42.14,7182879
2012-02-08,42.26,42.66,42.0,42.35,5036548
2012-02-09,42.39,43.18,42.28,43.13,5930838
2012-02-10,42.8,42.88,42.05,42.44,3297931
2012-02-13,42.63,42.67,41.9,42.0,3827863
2012-02-14,42.0,42.49,41.83,42.37,3719874
2012-02-15,42.49,42.74,41.83,42.25,3744122
2012-02-16,42.17,42.41,41.75,41.96,4502250
2012-02-17,42.19,42.84,41.76,42.68,3791072
2012-02-21,42.8,42.85,41.09,41.35,4495026
2012-02-22,41.22,42.05,41.21,41.6,3357350
2012-02-23,41.34,42.03,40.94,41.93,4670831
2012-02-24,41.14,42.05,40.93,41.72,6221165
2012-02-27,41.29,41.73,40.19,41.22,7236953
2012-02-28,41.1,41.65,40.79,41.34,3352766
2012-02-29,40.54,40.77,39.42,39.6,8656928
2012-03-01,39.72,39.78,38.52,38.99,8557118
2012-03-02,39.07,39.25,38.55,38.94,3024007
2012-03-05,38.96,39.02,38.44,38.68,3690089
2012-03-06,38.26,39.48,38.18,38.47,6581401
2012-03-07,38.5,39.09,38.4,38.79,2584582
2012-03-08,39.01,39.73,38.44,38.62,4186623
2012-03-09,38.8,38.87,37.55,37.66,6901076
2012-03-12,37.51,37.87,37.32,37.51,3077960
2012-03-13,37.65,37.91,37.23,37.63,4145237
2012-03-14,37.46,37.52,36.48,36.64,5475188
2012-03-15,36.69,37.0,35.91,36.99,4876350
2012-03-16,36.81,36.98,36.02,36.24,5212880
2012-03-19,36.14,36.62,35.66,36.22,4151762
2012-03-20,36.18,37.19,35.98,36.98,4808251
2012-03-21,37.05,37.27,36.84,36.86,4252162
2012-03-22,36.69,36.89,36.09,36.63,4418279
2012-03-23,36.64,36.64,35.86,36.05,3544109
2012-03-26,36.43,36.44,35.76,35.99,4929605
2012-03-27,35.99,37.46,35.96,36.68,5144105
2012-03-28,36.6,36.81,35.84,36.17,2884613
2012-03-29,35.98,36.06,35.4,35.68,4207567
2012-03-30,35.91,36.04,35.27,35.43,4865552
2012-04-02,35.33,35.99,34.98,35.75,4852017
2012-04-03,35.72,36.43,35.12,35.26,6039740
2012-04-04,34.79,35.68,34.72,35.66,7325076
2012-04-05,35.39,35.75,34.78,34.97,5928157
2012-04-09,34.62,34.72,33.66,33.88,5599427
2012-04-10,33.8,34.3,33.02,33.21,5336560
2012-04-11,33.41,35.17,33.3,34.43,6935602
2012-04-12,34.27,34.5,33.75,34.46,3388264
2012-04-13,34.44,34.65,33.73,34.06,3439276
2012-04-16,34.25,34.3,33.51,33.88,2507211
2012-04-17,34.02,34.77,33.97,34.53,2862590
2012-04-18,34.44,34.44,33.55,33.87,3899858
2012-04-19,33.89,34.62,33.89,34.24,3551865
2012-04-20,34.33,34.47,33.43,33.48,3823759
2012-04-23,33.3,33.31,32.51,32.76,4907051
2012-04-24,32.91,33.88,32.65,33.81,5731666
2012-04-25,34.65,35.72,34.5,35.66,6822637
2012-04-26,35.56,36.5,33.85,36.32,5929260
2012-04-27,36.4,36.89,35.9,36.72,3701097
2012-04-30,36.68,36.75,35.94,36.06,3993395
2012-05-01,35.82,36.27,35.07,35.67,3926895
2012-05-02,35.55,35.74,34.98,35.27,3837908
2012-05-03,35.18,35.23,34.01,35.07,6019927
2012-05-04,34.63,34.82,33.5,33.66,5024487
2012-05-07,33.51,33.96,33.3,33.58,5524621
2012-05-08,33.48,33.58,32.45,33.22,5738986
2012-05-09,32.72,34.14,32.45,33.71,5029946
2012-05-10,33.91,34.32,33.2,33.81,5375902
2012-05-11,33.48,34.51,33.18,34.33,4848266
2012-05-14,33.88,34.99,33.42,33.54,9393779
2012-05-15,32.98,33.69,32.57,33.32,13346763
2012-05-16,28.25,30.02,26.74,26.75,43026328
2012-05-17,27.07,28.28,25.61,25.94,19758484
2012-05-18,25.85,26.66,25.34,26.29,11489133
2012-05-21,26.29,26.75,25.84,26.66,7568454
2012-05-22,26.63,26.8,25.98,26.46,8576272
2012-05-23,26.24,27.44,26.2,27.26,8309873
2012-05-24,27.34,27.58,26.78,27.31,6881747
2012-05-25,27.26,28.22,27.04,28.08,8575400
2012-05-29,28.32,28.35,27.38,28.01,6878369
2012-05-30,27.67,27.72,26.85,27.02,6798721
2012-05-31,26.86,26.93,25.94,26.23,6194003
2012-06-01,25.76,26.09,25.53,25.83,5672836
2012-06-04,26.03,26.16,25.06,25.27,6942745
2012-06-05,25.2,25.3,23.85,24.27,16644547
2012-06-06,24.51,25.17,24.51,24.88,8521119
2012-06-07,25.18,25.34,24.45,24.65,7096291
2012-06-08,24.47,25.23,24.38,25.18,3524457
2012-06-11,25.41,25.42,23.89,24.0,7973658
2012-06-12,23.86,24.31,23.14,24.17,10008062
2012-06-13,24.2,24.89,23.55,23.71,7412977
2012-06-14,23.76,24.49,23.66,24.29,6106157
2012-06-15,24.5,24.92,24.28,24.89,5323101
2012-06-18,24.92,25.04,24.16,24.33,7568021
2012-06-19,22.73,22.81,21.57,22.25,34360038
2012-06-20,22.23,23.55,22.15,23.49,13321395
2012-06-21,23.48,23.68,22.63,22.72,9513769
2012-06-22,22.99,22.99,22.09,22.56,7422148
2012-06-25,22.16,22.25,21.34,21.71,8465211
2012-06-26,21.92,22.12,21.45,21.95,6652946
2012-06-27,21.99,21.99,21.52,21.88,6660173
2012-06-28,21.6,22.6,21.4,22.46,7443430
2012-06-29,22.97,23.38,22.74,23.31,6740873
2012-07-02,23.18,23.25,22.48,22.72,6687917
2012-07-03,22.31,22.31,21.5,21.88,6916736
2012-07-05,21.88,22.75,21.65,22.5,8049323
2012-07-06,22.18,22.44,22.01,22.13,5145520
2012-07-09,22.16,22.25,21.83,22.03,4694744
2012-07-10,21.88,21.94,20.58,20.76,14219082
2012-07-11,20.73,20.74,20.06,20.3,9907755
2012-07-12,20.19,20.26,19.43,20.04,10143123
2012-07-13,20.13,20.35,19.88,20.02,6155104
2012-07-16,19.9,19.92,19.46,19.58,6219429
2012-07-17,19.62,19.68,19.09,19.25,9566575
2012-07-18,19.11,20.14,19.06,19.71,16267680
2012-07-19,20.14,21.44,19.95,20.66,14350775
2012-07-20,20.55,20.89,20.13,20.62,6244557
2012-07-23,20.18,21.1,19.95,20.84,8704217
2012-07-24,21.16,21.45,20.82,21.01,11639818
2012-07-25,21.09,23.1,20.9,22.0,19821166
2012-07-26,22.22,22.53,21.45,22.21,10810601
2012-07-27,22.3,23.16,22.23,23.0,8497404
2012-07-30,22.91,22.91,21.61,22.19,10657639
2012-07-31,22.2,23.05,21.8,22.51,8871990
2012-08-01,22.42,22.45,20.7,21.02,10908828
2012-08-02,20.79,21.38,20.42,20.46,7443950
2012-08-03,20.86,21.13,20.4,20.9,8236182
2012-08-06,20.99,21.99,20.9,21.21,7889121
2012-08-07,21.31,21.86,21.16,21.24,6162883
2012-08-08,21.18,21.4,20.85,21.4,10998958
2012-08-09,21.4,22.31,21.21,22.1,12928639
2012-08-10,24.0,24.57,22.35,23.4,48148236
2012-08-13,22.9,23.38,22.5,22.67,11413268
2012-08-14,22.83,23.56,22.73,22.98,8818147
2012-08-15,23.01,23.85,22.93,23.67,7420671
2012-08-16,23.8,24.42,23.48,24.31,8626948
2012-08-17,24.39,24.57,23.77,24.1,7262750
2012-08-20,24.28,24.71,23.85,24.66,7265431
2012-08-21,24.65,24.79,23.8,24.41,8676191
2012-08-22,24.35,24.78,24.1,24.4,4448870
2012-08-23,24.33,24.95,24.14,24.5,5371145
2012-08-24,24.13,24.83,24.13,24.75,4240394
2012-08-27,24.87,25.12,24.57,24.65,5902247
2012-08-28,24.56,25.36,24.52,25.3,6434007
2012-08-29,25.59,26.9,25.45,26.23,13945767
2012-08-30,26.02,26.49,25.8,25.99,6101188
2012-08-31,26.37,26.39,25.85,26.08,4039537
2012-09-04,26.06,26.43,25.68,25.96,5213075
2012-09-05,25.88,27.06,25.76,26.43,7871533
2012-09-06,26.54,28.07,26.46,27.97,9531205
2012-09-07,28.08,28.75,27.5,28.5,7321219
2012-09-10,28.51,28.85,28.16,28.7,6696619
2012-09-11,28.7,29.66,28.64,29.47,8567904
2012-09-12,29.54,29.87,28.95,29.05,4756689
2012-09-13,29.05,29.33,28.11,28.66,6364721
2012-09-14,28.53,29.43,28.32,28.82,8395559
2012-09-17,28.84,29.04,28.49,28.84,5312525
2012-09-18,28.76,29.2,28.45,29.06,5144919
2012-09-19,29.17,32.55,28.83,29.09,24533120
2012-09-20,27.15,27.78,25.82,25.83,24851011
2012-09-21,26.08,26.36,25.59,25.89,8753331
2012-09-24,25.68,25.89,24.5,24.65,9683222
2012-09-25,24.63,25.13,24.63,24.67,10029881
2012-09-26,24.62,25.06,23.58,24.55,9429674
2012-09-27,24.61,24.9,24.36,24.45,4468961
2012-09-28,24.39,24.6,24.17,24.29,4511384
2012-10-01,24.53,25.45,24.48,24.58,7600620
2012-10-02,24.63,24.63,23.2,23.56,14350981
2012-10-03,23.57,24.32,23.57,23.89,5184109
2012-10-04,24.09,24.15,23.5,23.77,4596971
2012-10-05,23.99,24.26,23.84,23.96,5245504
2012-10-08,23.81,24.04,23.68,23.93,3407542
2012-10-09,23.87,24.62,23.85,24.39,7784430
2012-10-10,24.34,24.48,24.13,24.15,2810126
2012-10-11,24.69,26.2,24.63,26.18,14785919
2012-10-12,26.18,26.58,25.64,26.03,7024270
2012-10-15,26.03,26.34,25.62,25.88,3694052
2012-10-16,26.03,26.32,25.94,26.12,3320717
2012-10-17,26.2,27.0,25.92,26.58,6944325
2012-10-18,26.5,26.97,26.4,26.82,4273947
2012-10-19,26.83,26.83,25.71,26.01,3967312
2012-10-22,25.93,26.58,25.9,26.25,2779923
2012-10-23,25.76,25.96,24.91,25.62,4225989
2012-10-24,25.78,25.78,24.71,24.71,4304551
2012-10-25,25.02,25.37,24.6,25.13,3030547
2012-10-26,25.04,25.59,24.75,25.46,4199837
2012-10-31,25.4,25.61,23.93,24.01,7354677
2012-11-01,24.3,24.72,24.01,24.26,5755542
2012-11-02,24.5,24.57,23.5,23.7,4972563
2012-11-05,23.54,23.92,23.27,23.35,6435172
2012-11-06,23.41,23.88,23.2,23.53,5892579
2012-11-07,23.3,23.32,22.65,22.8,8222841
2012-11-08,22.78,22.8,21.32,21.69,19417324
2012-11-09,19.54,21.48,19.52,20.64,41542365
2012-11-12,20.32,20.43,17.9,17.97,29601841
2012-11-13,18.03,18.2,17.27,17.4,17143132
2012-11-14,17.37,17.9,16.81,16.89,12859554
2012-11-15,16.84,16.96,16.31,16.5,13045402
2012-11-16,16.51,16.58,15.69,16.28,16053540
2012-11-19,16.77,17.02,16.61,16.75,8277224
2012-11-20,16.9,17.73,16.75,17.24,15229573
2012-11-21,17.23,17.48,16.92,17.25,8548817
2012-11-23,17.82,17.93,17.09,17.29,6177735
2012-11-26,17.37,17.48,16.94,17.23,8647924
2012-11-27,17.19,17.67,17.18,17.52,9984808
2012-11-28,17.48,18.75,17.41,18.32,16661111
2012-11-29,18.34,18.39,17.74,18.14,10545178
2012-11-30,18.09,18.11,17.66,17.94,7478763
2012-12-03,17.65,17.77,17.21,17.36,6809471
2012-12-04,17.27,17.94,17.12,17.78,8153056
2012-12-05,17.76,17.78,17.1,17.53,7912216
2012-12-06,17.56,19.14,17.53,18.14,13085548
2012-12-07,18.3,18.42,17.78,18.17,4089878
2012-12-10,18.17,18.9,18.04,18.47,11061175
2012-12-11,18.85,19.79,18.73,19.23,12505743
2012-12-12,19.41,19.57,18.68,19.45,12407182
2012-12-13,19.49,20.86,19.37,20.8,12222430
2012-12-14,20.68,21.5,20.62,20.98,10578814
2012-12-17,20.98,21.25,19.93,20.64,8995181
2012-12-18,20.45,20.98,20.14,20.17,9704064
2012-12-19,20.25,21.69,20.2,20.88,12275645
2012-12-20,20.7,20.7,19.77,20.09,9168967
2012-12-21,19.87,20.0,19.2,19.59,8688478
2012-12-24,19.92,20.45,19.78,19.87,3695680
2012-12-26,19.88,20.83,19.73,20.75,7219559
2012-12-27,20.65,20.69,19.12,19.52,9197229
2012-12-28,19.39,19.5,18.94,18.97,7614800
2012-12-31,18.93,19.86,18.75,19.71,6626111
2013-01-02,20.01,20.94,19.89,20.84,11264341
2013-01-03,20.44,20.66,19.8,20.11,8310583
2013-01-04,20.23,20.71,20.01,20.62,5253506
2013-01-07,20.5,20.61,19.86,19.96,7112000
2013-01-08,20.0,20.05,18.85,18.99,8898696
2013-01-09,18.74,18.92,18.28,18.8,8623788
2013-01-10,19.0,19.23,18.63,19.15,5903681
2013-01-11,17.58,18.78,17.58,18.26,14223879
2013-01-14,18.23,18.45,17.36,18.09,11700932
2013-01-15,18.03,18.89,17.93,18.71,6102731
2013-01-16,18.75,19.1,18.59,18.79,5417130
2013-01-17,18.8,19.1,18.02,18.14,7161071
2013-01-18,17.94,18.95,17.61,18.87,16276025
2013-01-22,18.98,19.07,18.37,18.73,4812580
2013-01-23,18.99,19.6,18.26,18.35,10673110
2013-01-24,18.37,19.29,18.22,19.12,12838963
2013-01-25,19.09,19.55,18.97,19.35,8029115
2013-01-28,19.32,19.36,18.86,19.22,3976734
2013-01-29,19.51,21.12,19.28,21.01,17570550
2013-01-30,20.89,21.1,20.3,20.63,10696454
2013-01-31,20.44,20.56,19.75,20.33,6324534
2013-02-01,20.51,20.66,19.72,19.88,6803129
2013-02-04,19.8,20.13,19.11,19.34,6589745
2013-02-05,18.83,20.6,18.67,19.81,12900658
2013-02-06,19.19,19.65,18.86,19.38,12439255
2013-02-07,19.4,19.57,18.93,19.5,5041182
2013-02-08,19.54,19.57,19.11,19.28,3625158
2013-02-11,19.3,19.8,19.11,19.53,7688356
2013-02-12,19.44,19.55,19.14,19.27,5339239
2013-02-13,19.53,20.51,19.46,19.61,9583009
2013-02-14,19.66,20.36,19.48,19.94,7571691
2013-02-15,19.32,20.42,19.0,19.8,12671743
2013-02-19,19.89,19.93,19.56,19.61,4865239
2013-02-20,19.71,20.91,19.67,20.19,14867848
2013-02-21,20.15,22.15,20.08,21.55,17859857
2013-02-22,21.63,23.1,21.41,22.47,15586858
2013-02-25,22.52,22.98,21.5,21.51,10263175
2013-02-26,21.48,21.76,20.62,21.02,10309135
2013-02-27,21.31,21.42,20.26,21.16,15950655
2013-02-28,17.87,18.34,16.57,17.57,48691516
2013-03-01,17.54,17.95,17.11,17.69,15153617
2013-03-04,17.86,17.94,16.53,16.74,14101000
2013-03-05,15.98,16.05,14.92,14.96,53314967
2013-03-06,14.92,14.92,14.2,14.43,31546153
2013-03-07,14.77,15.26,14.61,14.82,18613824
2013-03-08,15.01,15.25,14.7,15.11,17886910
2013-03-11,14.97,15.08,14.71,15.05,15825479
2013-03-12,15.05,15.95,14.84,15.65,35914713
2013-03-13,15.25,16.33,15.04,15.65,21219998
2013-03-14,16.16,16.21,15.21,15.39,18501839
2013-03-15,15.45,15.74,15.25,15.48,13525515
2013-03-18,15.74,17.17,15.71,16.44,29130795
2013-03-19,16.59,16.79,15.97,16.28,11846212
2013-03-20,16.36,16.55,16.02,16.17,11168233
2013-03-21,16.1,16.15,15.4,15.53,14202521
2013-03-22,15.62,15.73,15.33,15.43,5878604
2013-03-25,15.21,15.5,14.72,15.18,13416575
2013-03-26,15.13,15.27,14.8,15.0,8426598
2013-03-27,14.87,15.1,14.72,14.89,8275107
2013-03-28,14.9,15.15,14.73,15.11,8675060
2013-04-01,15.1,15.34,14.74,14.8,9087899
2013-04-02,14.86,14.88,14.49,14.55,8121226
2013-04-03,14.59,14.71,14.3,14.43,10598353
2013-04-04,14.42,15.28,14.1,15.08,18709976
2013-04-05,14.99,16.18,14.92,15.45,27430777
2013-04-08,15.39,16.26,15.37,15.87,26054666
2013-04-09,14.87,15.11,13.9,13.93,89731309
2013-04-10,14.03,14.36,13.55,14.09,34737420
2013-04-11,14.19,15.12,14.16,14.86,27517588
2013-04-12,15.01,15.03,14.24,14.62,36434477
2013-04-15,14.43,15.15,14.27,14.39,32599586
2013-04-16,14.59,15.42,14.45,15.19,28594317
2013-04-17,15.07,15.13,14.58,14.77,17442384
2013-04-18,14.97,15.29,14.83,15.16,29208593
2013-04-19,15.2,15.39,14.85,15.26,17097173
2013-04-22,15.36,15.8,15.31,15.54,13457720
2013-04-23,15.19,15.73,14.95,15.45,14557617
2013-04-24,15.48,15.6,15.15,15.19,7249643
2013-04-25,15.26,15.56,15.2,15.24,10932570
2013-04-26,16.15,17.58,15.86,17.0,56699091
2013-04-29,17.66,17.7,17.0,17.19,33381822
2013-04-30,17.15,17.43,16.36,16.42,16826560
2013-05-01,16.35,16.48,15.9,16.2,14548353
2013-05-02,16.35,16.84,16.35,16.8,13554479
2013-05-03,17.01,17.29,16.85,17.26,14303165
2013-05-06,17.37,17.39,16.88,16.92,11182224
2013-05-07,16.86,16.97,16.22,16.4,11314258
2013-05-08,16.94,17.88,16.9,17.61,28785822
2013-05-09,17.47,17.75,17.2,17.36,9071387
2013-05-10,17.21,17.76,17.17,17.72,8172869
2013-05-13,18.66,19.03,18.15,18.24,21061771
2013-05-14,18.43,18.98,18.11,18.62,14007211
2013-05-15,18.67,19.48,18.63,18.97,18112003
2013-05-16,19.11,19.27,18.41,18.79,17753655
2013-05-17,17.78,18.64,17.55,18.01,25284251
2013-05-20,18.12,19.01,18.08,18.81,15780416
2013-05-21,18.72,19.35,18.5,18.98,11218863
2013-05-22,19.09,19.48,18.52,18.72,11069062
2013-05-23,18.4,19.46,18.3,19.39,12779406
2013-05-24,19.21,19.63,18.93,18.98,9777798
2013-05-28,19.3,19.39,18.69,18.72,9001677
2013-05-29,18.6,18.6,17.86,17.92,10855141
2013-05-30,18.0,18.16,17.57,17.77,9036391
2013-05-31,17.74,18.12,17.56,17.58,6586959
2013-06-03,17.7,17.98,17.35,17.76,6900061
2013-06-04,17.8,18.42,17.75,17.96,10426623
2013-06-05,18.42,18.73,17.96,18.16,9249133
2013-06-06,18.26,18.59,17.88,18.15,7911345
2013-06-07,18.18,18.75,18.14,18.73,7041884
2013-06-10,18.81,18.9,18.42,18.69,6129740
2013-06-11,18.5,18.61,18.07,18.12,4822812
2013-06-12,18.0,18.18,17.66,17.8,7760461
2013-06-13,17.79,18.25,17.78,18.15,4684238
2013-06-14,18.0,18.01,17.32,17.38,10297756
2013-06-17,17.49,17.67,17.18,17.6,7037214
2013-06-18,17.64,17.67,17.37,17.53,5797490
2013-06-19,17.55,17.67,17.08,17.11,5295424
2013-06-20,16.91,16.92,16.17,16.27,9223867
2013-06-21,16.45,16.64,15.78,15.91,8716614
2013-06-24,15.69,15.72,15.04,15.42,9767993
2013-06-25,15.73,16.19,15.63,15.98,6848630
2013-06-26,16.12,16.18,15.84,16.15,4266698
2013-06-27,16.24,17.09,16.23,16.99,9674855
2013-06-28,16.93,17.26,16.74,17.08,6974633
2013-07-01,17.37,17.44,16.64,16.72,7086832
2013-07-02,16.65,17.01,16.45,16.55,6742614
2013-07-03,16.46,16.68,16.33,16.6,2975825
2013-07-05,16.72,16.79,16.41,16.75,2526321
2013-07-08,16.85,17.08,16.68,16.95,3608535
2013-07-09,17.06,17.13,16.88,17.05,3117572
2013-07-10,17.05,17.3,16.88,17.08,3000283
2013-07-11,17.28,17.72,17.19,17.67,7092284
2013-07-12,17.59,17.72,17.37,17.57,3407559
2013-07-15,17.56,17.69,17.45,17.62,3061947
2013-07-16,17.61,17.8,16.91,17.13,8544079
2013-07-17,16.95,17.0,16.49,16.56,8415291
2013-07-18,16.53,16.67,16.08,16.5,8024697
2013-07-19,16.4,16.55,16.16,16.35,4690227
2013-07-22,16.34,16.46,16.04,16.13,7212494
2013-07-23,16.13,16.31,16.05,16.1,5679535
2013-07-24,16.09,16.16,15.67,15.92,9887645
2013-07-25,15.85,16.18,15.82,16.12,4679546
2013-07-26,16.06,16.76,15.94,16.49,8974646
2013-07-29,16.52,16.73,16.32,16.52,4732721
2013-07-30,16.62,16.62,16.14,16.26,5041783
2013-07-31,16.28,16.43,14.1,14.6,25216330
2013-08-01,15.51,15.53,14.53,14.58,27581774
2013-08-02,14.64,14.92,13.97,14.28,18321675
2013-08-05,14.31,14.42,13.7,13.82,13738816
2013-08-06,13.7,13.7,12.65,13.28,25846407
2013-08-07,13.08,13.14,12.5,12.8,16769934
2013-08-08,12.84,14.13,12.6,13.66,50267059
2013-08-09,13.24,13.33,12.34,12.87,64527385
2013-08-12,12.62,13.43,12.52,13.17,31069703
2013-08-13,13.54,13.59,12.51,12.68,37347429
2013-08-14,12.67,13.44,12.51,13.11,25397607
2013-08-15,13.39,13.99,13.21,13.83,32003229
2013-08-16,13.7,13.74,13.24,13.4,16382861
2013-08-19,13.39,13.6,12.96,13.22,16222828
2013-08-20,14.14,14.39,12.81,14.01,67862294
2013-08-21,13.89,13.95,13.28,13.33,26753409
2013-08-22,13.43,13.45,13.03,13.2,12200161
2013-08-23,13.4,13.53,13.15,13.5,14174142
2013-08-26,13.5,13.67,13.28,13.35,13263304
2013-08-27,13.16,13.9,13.09,13.17,99121397
2013-08-28,13.25,13.29,12.71,12.76,30902028
2013-08-29,12.81,12.91,12.26,12.4,26613434
2013-08-30,12.45,12.56,12.12,12.48,24157430
2013-09-03,12.69,12.83,12.52,12.72,18747512
2013-09-04,13.05,13.7,12.99,13.5,32165979
2013-09-05,13.72,14.52,13.51,14.22,47348622
2013-09-06,14.41,14.59,13.93,14.27,32075563
2013-09-09,14.37,14.65,14.32,14.47,18082139
2013-09-10,14.53,14.59,13.96,14.24,18749284
2013-09-11,14.16,14.35,13.8,13.94,15636886
2013-09-12,13.88,13.97,13.68,13.91,10958245
2013-09-13,13.87,13.97,13.66,13.82,12156923
2013-09-16,13.88,13.92,13.59,13.64,9799341
2013-09-17,13.6,13.91,13.59,13.74,8255698
2013-09-18,13.75,13.8,13.26,13.45,17452999
2013-09-19,13.48,13.5,13.01,13.14,17584829
2013-09-20,13.51,13.56,12.83,12.96,42834557
2013-09-23,12.68,12.96,12.3,12.36,24588125
2013-09-24,12.39,12.44,11.88,11.9,26455946
2013-09-25,11.62,11.66,9.93,10.12,100978326
2013-09-26,10.01,11.22,9.52,10.42,122117854
2013-09-27,9.53,9.67,8.85,9.05,256503145
2013-09-30,8.73,9.19,8.59,8.8,61353580
2013-10-01,8.86,9.09,8.69,8.75,39743541
2013-10-02,8.74,8.98,8.66,8.72,39127383
2013-10-03,8.69,8.78,8.38,8.41,46189736
2013-10-04,8.44,8.51,7.76,7.86,73165679
2013-10-07,7.77,8.04,7.59,7.71,32791073
2013-10-08,8.07,8.25,7.75,7.77,71522529
2013-10-09,8.02,8.13,7.82,7.89,33509666
2013-10-10,8.03,8.08,7.89,7.97,27936662
2013-10-11,8.03,8.13,7.9,8.0,21666589
2013-10-14,7.95,8.09,7.83,7.87,17180548
2013-10-15,7.85,7.86,7.12,7.17,72960154
2013-10-16,7.3,7.48,7.17,7.47,41068673
2013-10-17,7.48,7.55,7.28,7.35,18720726
2013-10-18,7.4,7.45,6.97,7.0,52990450
2013-10-21,6.88,6.92,6.27,6.42,73484916
2013-10-22,6.35,6.92,6.24,6.55,35633764
2013-10-23,6.53,7.16,6.53,7.04,47463098
2013-10-24,7.03,7.08,6.63,6.75,31206179
2013-10-25,6.68,6.86,6.65,6.79,16092115
2013-10-28,6.78,7.49,6.71,7.39,59587037
2013-10-29,7.51,7.77,7.31,7.38,39036593
2013-10-30,7.55,7.7,7.38,7.6,27959643
2013-10-31,7.6,7.8,7.37,7.5,23124376
2013-11-01,7.71,8.32,7.57,8.14,56964136
2013-11-04,8.5,8.71,8.26,8.36,47829309
2013-11-05,8.38,8.59,8.15,8.31,23789076
2013-11-06,8.34,8.35,7.63,7.7,31549679
2013-11-07,8.01,8.33,7.85,8.13,46048205
2013-11-08,8.17,8.27,8.0,8.23,20331659
2013-11-11,8.34,8.73,8.29,8.56,26663176
2013-11-12,8.67,8.77,8.26,8.37,26513990
2013-11-13,8.42,8.75,8.4,8.67,32015861
2013-11-14,8.76,8.85,8.51,8.69,25476456
2013-11-15,8.86,9.32,8.82,9.03,46669709
2013-11-18,9.27,9.3,8.53,8.71,44045903
2013-11-19,8.77,8.96,8.63,8.71,29007090
2013-11-20,9.52,9.63,9.16,9.44,98768115
2013-11-21,9.34,9.4,9.06,9.17,31050514
2013-11-22,9.13,9.13,8.82,8.87,25085168
2013-11-25,8.76,9.35,8.75,9.19,29553559
2013-11-26,9.42,9.52,9.25,9.36,44432078
2013-11-27,9.38,10.21,9.35,10.08,56441008
2013-11-29,10.3,10.3,9.95,10.19,78810070
2013-12-02,9.97,10.17,9.62,10.01,39410629
2013-12-03,10.0,10.22,9.9,10.11,23901898
2013-12-04,9.9,10.0,9.53,9.66,52050316
2013-12-05,9.59,9.7,8.64,8.85,69879510
2013-12-06,8.59,8.63,8.04,8.08,48502407
2013-12-09,8.11,8.56,8.08,8.43,27598482
2013-12-10,8.5,8.8,8.48,8.73,20633061
2013-12-11,8.86,8.91,8.38,8.48,21245880
2013-12-12,8.46,8.59,8.18,8.55,18681518
2013-12-13,8.58,8.75,8.5,8.57,15319331
2013-12-16,8.59,8.73,8.4,8.48,15729948
2013-12-17,8.45,8.47,8.08,8.2,22684692
2013-12-18,8.2,8.33,8.09,8.26,12744658
2013-12-19,8.13,8.14,7.8,7.96,26985351
2013-12-20,8.1,8.39,8.06,8.32,29079383
2013-12-23,8.44,8.84,8.42,8.78,23526121
2013-12-24,8.75,8.88,8.45,8.75,15802222
2013-12-26,8.73,9.13,8.73,8.97,22076342
2013-12-27,9.04,9.12,8.93,9.01,19204652
2013-12-30,9.07,9.07,8.9,9.0,16595554
2013-12-31,8.92,9.16,8.91,9.15,14184643
2014-01-02,9.11,9.17,8.77,8.88,20173919
2014-01-03,8.88,8.96,8.61,8.74,20564286
2014-01-06,8.65,8.95,8.55,8.67,23534416
2014-01-07,8.71,8.72,8.15,8.19,30810580
2014-01-08,7.5,7.69,7.36,7.37,77084891
2014-01-09,7.68,7.78,7.6,7.64,32622459
2014-01-10,7.59,7.6,7.33,7.34,25668919
2014-01-13,7.33,7.41,6.67,6.72,68908793
2014-01-14,6.86,7.13,6.84,6.93,26293814
2014-01-15,7.0,7.08,6.8,7.01,21181491
2014-01-16,6.65,6.94,6.4,6.9,43787708
2014-01-17,6.81,6.95,6.51,6.52,28509579
2014-01-21,6.6,6.61,6.3,6.49,27250232
2014-01-22,6.56,6.79,6.47,6.75,16591197
2014-01-23,6.73,6.9,6.56,6.84,19490085
2014-01-24,6.77,6.79,6.6,6.7,17099179
2014-01-27,6.71,6.72,6.48,6.51,14225622
2014-01-28,6.55,6.61,6.39,6.42,14963788
2014-01-29,6.4,6.43,6.26,6.29,18544321
2014-01-30,6.33,6.38,5.69,5.77,55906030
2014-01-31,5.68,6.13,5.68,5.92,35631182
2014-02-03,5.97,6.01,5.61,5.68,25953672
2014-02-04,5.89,5.97,4.9,5.08,111996561
2014-02-05,5.06,5.3,4.9,5.22,47155152
2014-02-06,5.18,5.73,5.18,5.66,38014884
2014-02-07,5.77,5.98,5.46,5.51,31914061
2014-02-10,5.52,5.76,5.34,5.71,15878643
2014-02-11,5.83,6.04,5.82,5.99,23876213
2014-02-12,6.15,6.2,5.86,5.96,16441327
2014-02-13,6.0,6.05,5.81,5.99,10536780
2014-02-14,6.03,6.26,5.95,6.14,15245487
2014-02-18,6.17,6.2,5.99,6.11,9697348
2014-02-19,6.11,6.17,5.99,6.0,10115853
2014-02-20,5.95,5.96,5.6,5.65,19327597
2014-02-21,5.7,5.72,5.56,5.64,8596809
2014-02-24,5.63,5.66,5.22,5.23,26137341
2014-02-25,5.28,5.64,5.23,5.63,25917108
2014-02-26,5.74,6.0,5.23,5.96,42400934
2014-02-27,7.32,7.57,6.93,7.47,114150772
2014-02-28,7.65,7.65,7.28,7.28,35941731
2014-03-03,7.11,7.99,7.04,7.96,47666493
2014-03-04,8.54,8.67,8.24,8.29,62628060
2014-03-05,8.39,8.52,8.12,8.3,25768293
2014-03-06,8.33,8.79,8.22,8.64,37173234
2014-03-07,8.79,8.98,8.64,8.68,30152385
2014-03-10,8.68,8.68,8.32,8.42,24801913
2014-03-11,9.02,9.28,8.59,8.67,54124500
2014-03-12,8.77,9.0,8.7,8.93,21208848
2014-03-13,9.12,9.2,8.65,8.77,30775262
2014-03-14,8.71,9.05,8.6,8.71,18314170
2014-03-17,8.84,8.98,8.66,8.69,17242378
2014-03-18,8.71,8.77,8.33,8.39,18227089
2014-03-19,8.42,8.51,8.14,8.27,18828491
2014-03-20,8.16,8.5,8.13,8.36,14212703
2014-03-21,8.48,8.67,8.33,8.49,20384231
2014-03-24,8.55,8.63,8.35,8.6,14732259
2014-03-25,8.6,8.75,8.49,8.64,16510680
2014-03-26,8.68,8.89,8.62,8.77,20782038
2014-03-27,8.79,9.15,8.77,8.97,21998564
2014-03-28,8.99,9.19,8.63,8.83,20866268
2014-03-31,8.84,8.86,8.44,8.62,16170216
2014-04-01,8.63,8.85,8.6,8.84,12233712
2014-04-02,8.88,9.17,8.85,8.96,15297552
2014-04-03,9.0,9.01,8.8,8.83,9028536
2014-04-04,8.88,8.97,8.75,8.88,14940334
2014-04-07,8.86,9.01,8.82,8.88,20781634
2014-04-08,8.84,8.99,8.75,8.92,12370439
2014-04-09,8.91,8.95,8.64,8.82,12696978
2014-04-10,8.83,8.9,8.52,8.52,12086520
2014-04-11,8.44,8.44,7.52,7.7,36701837
2014-04-14,7.95,7.98,7.53,7.61,12059992
2014-04-15,7.64,7.64,7.04,7.25,25387296
2014-04-16,7.36,7.41,7.12,7.26,13106568
2014-04-17,7.28,7.53,7.15,7.5,14786620
2014-04-21,7.49,8.24,7.49,8.19,28171976
2014-04-22,8.16,8.27,7.96,8.09,14725531
2014-04-23,8.04,8.27,8.02,8.15,10111152
2014-04-24,8.16,8.2,8.03,8.15,8057863
2014-04-25,8.08,8.13,7.92,7.98,9256319
2014-04-28,8.02,8.85,7.97,8.7,34613185
2014-04-29,8.64,8.87,8.45,8.82,14867466
2014-04-30,8.75,8.85,8.44,8.52,14428235
2014-05-01,8.57,8.68,8.38,8.44,10064020
2014-05-02,8.45,8.88,8.44,8.58,14379845
2014-05-05,8.53,8.77,8.46,8.5,10484648
2014-05-06,8.5,8.51,8.03,8.09,19348421
2014-05-07,8.39,8.73,8.33,8.72,22425328
2014-05-08,8.63,9.14,8.54,8.55,28724685
2014-05-09,8.63,9.05,8.56,8.8,16790782
2014-05-12,9.1,9.27,8.92,9.18,34518393
2014-05-13,9.15,9.5,9.05,9.09,22415883
2014-05-14,9.21,9.39,8.48,8.61,29779554
2014-05-15,8.67,8.69,8.16,8.37,56086392
2014-05-16,9.86,9.93,9.41,9.73,96433314
2014-05-19,9.65,9.72,9.33,9.36,26570255
2014-05-20,9.25,9.29,8.84,8.93,36101373
2014-05-21,9.0,9.2,8.56,8.6,25480900
2014-05-22,8.58,9.0,8.55,8.88,16988009
2014-05-23,8.9,9.08,8.64,9.01,18877510
2014-05-27,9.07,9.2,8.79,8.85,14485040
2014-05-28,8.88,8.89,8.6,8.78,12266677
2014-05-29,8.77,9.13,8.67,9.03,13967007
2014-05-30,9.03,9.13,8.91,8.99,8646527
2014-06-02,9.01,9.01,8.65,8.68,13625292
2014-06-03,8.65,8.74,8.51,8.59,10895414
2014-06-04,8.56,8.58,8.28,8.46,12687106
2014-06-05,8.51,8.57,8.31,8.53,13946917
2014-06-06,8.62,8.75,8.6,8.63,9245129
2014-06-09,8.68,8.78,8.64,8.66,8458683
2014-06-10,8.66,8.93,8.61,8.87,12907796
2014-06-11,8.85,8.85,8.63,8.69,8550651
2014-06-12,8.65,8.8,8.45,8.46,15107540
2014-06-13,8.49,8.64,8.45,8.61,9727865
2014-06-16,8.59,8.67,8.47,8.64,9191021
2014-06-17,8.59,8.91,8.58,8.88,13819388
2014-06-18,8.91,9.13,8.88,9.03,18224733
2014-06-19,9.08,9.19,8.95,9.03,7750612
2014-06-20,9.07,9.09,8.86,9.0,9731974
2014-06-23,9.08,9.1,8.66,8.69,15507961
2014-06-24,8.68,8.85,8.54,8.55,13739351
2014-06-25,8.53,8.7,8.51,8.55,9939022
2014-06-26,8.55,8.76,8.49,8.74,16578569
2014-06-27,8.71,9.06,8.66,8.95,21511820
2014-06-30,8.91,9.15,8.88,9.05,15931887
2014-07-01,9.11,9.18,9.01,9.07,14759654
2014-07-02,9.29,9.52,9.22,9.36,25853209
2014-07-03,9.44,9.44,9.16,9.25,6300783
2014-07-07,9.2,9.23,8.95,9.07,11754192
2014-07-08,9.02,9.05,8.74,8.76,15476718
2014-07-09,8.81,9.09,8.8,8.94,10105377
2014-07-10,8.72,8.9,8.68,8.74,10158739
2014-07-11,8.8,8.89,8.68,8.75,8982852
2014-07-14,8.79,8.79,8.53,8.61,12041633
2014-07-15,8.62,8.68,8.5,8.55,9095830
2014-07-16,8.56,8.79,8.51,8.7,11934432
2014-07-17,8.66,8.69,8.52,8.56,9466973
2014-07-18,8.59,8.73,8.45,8.58,13427235
2014-07-21,8.59,8.69,8.49,8.66,8910225
2014-07-22,8.68,8.74,8.58,8.65,9824121
2014-07-23,8.66,8.78,8.59,8.77,10195988
2014-07-24,8.8,9.07,8.78,9.06,16512334
2014-07-25,9.0,9.28,9.0,9.19,14411536
2014-07-28,9.2,9.33,9.15,9.22,10850425
2014-07-29,9.23,9.32,9.17,9.23,10378773
2014-07-30,9.3,9.4,9.21,9.38,12209372
2014-07-31,9.3,9.56,9.25,9.38,16373214
2014-08-01,9.44,9.78,9.42,9.63,22100351
2014-08-04,9.71,9.71,9.08,9.24,14599088
2014-08-05,9.25,9.43,9.0,9.08,13436604
2014-08-06,9.06,9.16,8.95,8.98,11557751
2014-08-07,9.12,9.27,9.03,9.2,10594245
2014-08-08,9.34,9.44,9.13,9.37,11196618
2014-08-11,9.51,9.64,9.34,9.59,18331320
2014-08-12,9.58,9.65,9.36,9.46,13198299
2014-08-13,9.41,9.41,9.18,9.35,23746394
2014-08-14,9.42,9.74,9.26,9.74,54016657
2014-08-15,10.0,10.14,9.27,9.5,96014263
2014-08-18,9.54,9.88,9.38,9.87,32351602
2014-08-19,9.93,10.44,9.93,10.25,49003922
2014-08-20,10.25,10.47,10.19,10.33,31672504
2014-08-21,10.37,10.54,10.06,10.17,22599547
2014-08-22,10.24,10.29,10.03,10.19,15078093
2014-08-25,10.43,10.78,10.41,10.69,29355516
2014-08-26,10.71,10.88,10.59,10.8,14910274
2014-08-27,10.8,11.24,10.8,11.2,22674163
2014-08-28,10.97,10.98,10.7,10.85,20623286
2014-08-29,10.86,11.04,10.79,10.8,14878026
2014-09-02,10.9,10.93,10.47,10.54,18441516
2014-09-03,10.7,10.85,10.61,10.62,13245772
2014-09-04,10.81,11.28,10.81,11.18,29968979
2014-09-05,11.1,11.13,10.92,11.08,11259503
2014-09-08,10.99,11.08,10.77,10.94,12424920
2014-09-09,10.98,11.15,10.81,10.83,12346158
2014-09-10,10.81,10.88,10.61,10.77,8940497
2014-09-11,10.77,11.22,10.71,11.14,19331650
2014-09-12,11.14,11.3,11.01,11.06,17725041
2014-09-15,11.07,11.18,10.76,10.85,13373500
2014-09-16,10.78,11.1,10.72,10.9,17916461
2014-09-17,10.93,11.16,10.9,10.98,16324518
2014-09-18,11.0,11.03,10.72,10.77,17135356
2014-09-19,10.77,10.8,10.12,10.23,29390738
2014-09-22,10.16,10.34,10.09,10.17,10242418
2014-09-23,10.1,10.45,10.02,10.21,12487986
2014-09-24,10.23,10.47,10.21,10.45,13475740
2014-09-25,10.38,10.48,10.01,10.14,17343236
2014-09-26,10.16,10.23,9.54,9.86,31659895
2014-09-29,9.68,9.89,9.6,9.87,11916346
2014-09-30,10.05,10.1,9.82,10.04,19491320
2014-10-01,9.94,9.95,9.26,9.31,27359198
2014-10-02,9.25,9.71,9.17,9.63,21803323
2014-10-03,9.73,10.2,9.67,10.0,19590566
2014-10-06,9.88,10.0,9.27,9.44,25982718
2014-10-07,9.34,9.56,9.18,9.19,22201903
2014-10-08,9.25,9.45,7.92,8.19,73863587
2014-10-09,8.07,8.09,7.58,7.64,40268694
2014-10-10,7.44,7.59,7.09,7.12,30550102
2014-10-13,7.34,7.5,7.03,7.09,28503868
2014-10-14,7.18,7.52,7.03,7.16,26903350
2014-10-15,7.0,7.28,6.73,7.09,22661140
2014-10-16,6.99,7.5,6.97,7.3,19337072
2014-10-17,7.38,7.44,7.15,7.25,13487976
2014-10-20,7.25,7.68,7.17,7.68,15915510
2014-10-21,7.72,7.8,7.56,7.63,13119846
2014-10-22,7.63,7.76,7.43,7.49,9983573
2014-10-23,7.55,7.87,7.42,7.73,13393333
2014-10-24,7.69,7.83,7.52,7.59,9240033
2014-10-27,7.56,7.65,7.34,7.65,11604191
2014-10-28,7.43,7.56,7.28,7.43,15113566
2014-10-29,7.43,7.6,7.39,7.59,13188935
2014-10-30,7.53,7.68,7.51,7.63,8450126
2014-10-31,7.67,7.75,7.5,7.61,13152650
2014-11-03,7.6,7.65,7.52,7.56,11060672
2014-11-04,7.58,7.62,7.31,7.32,12199230
2014-11-05,7.35,7.39,7.16,7.23,9815921
2014-11-06,7.25,7.58,7.2,7.48,14086143
2014-11-07,7.49,7.86,7.49,7.82,18128095
2014-11-10,7.54,7.56,7.22,7.22,24951469
2014-11-11,7.22,7.37,7.08,7.2,17089572
2014-11-12,7.3,7.84,7.2,7.76,36752542
2014-11-13,7.08,7.26,6.92,7.1,55324445
2014-11-14,7.16,7.56,7.07,7.38,20094071
2014-11-17,7.32,7.44,7.24,7.26,13772968
2014-11-18,7.27,7.4,7.22,7.32,10723999
2014-11-19,7.36,7.4,7.18,7.21,10133388
2014-11-20,7.2,7.34,7.18,7.26,9160769
2014-11-21,7.35,7.45,7.28,7.3,11091450
2014-11-24,7.45,7.81,7.43,7.79,23326947
2014-11-25,7.86,8.1,7.82,7.86,19745056
2014-11-26,8.0,8.04,7.65,7.75,11052352
2014-11-28,7.83,8.08,7.74,8.01,10962832
2014-12-01,7.92,7.93,7.52,7.53,16659151
2014-12-02,7.58,7.7,7.37,7.39,11711576
2014-12-03,7.05,7.22,6.91,7.19,24698492
2014-12-04,7.19,7.19,6.64,6.73,23403867
2014-12-05,6.77,6.8,6.57,6.64,14981722
2014-12-08,6.62,6.82,6.13,6.2,19576023
2014-12-09,6.01,6.53,5.9,6.36,18432411
2014-12-10,6.38,6.48,6.04,6.06,15855602
2014-12-11,6.2,6.29,6.07,6.09,13338214
2014-12-12,6.12,6.42,6.07,6.38,19980510
2014-12-15,6.38,6.48,6.22,6.41,15438723
2014-12-16,6.39,6.58,6.3,6.32,12618041
2014-12-17,6.37,6.65,6.36,6.63,11256777
2014-12-18,6.76,6.87,6.7,6.8,15013506
2014-12-19,6.66,6.69,6.36,6.59,17527851
2014-12-22,6.61,6.63,6.4,6.42,10301931
2014-12-23,6.46,6.75,6.46,6.74,13041563
2014-12-24,6.73,6.77,6.5,6.5,7458243
2014-12-26,6.59,6.65,6.4,6.5,12490705
2014-12-29,6.48,6.53,6.35,6.48,13575153
2014-12-30,6.44,6.56,6.41,6.46,10815303
2014-12-31,6.42,6.54,6.39,6.48,13087465
2015-01-02,6.49,6.5,6.21,6.29,15675232
2015-01-05,6.29,6.53,6.19,6.44,12458534
2015-01-06,6.44,6.6,6.32,6.56,22907121
2015-01-07,7.85,7.99,7.53,7.89,61614898
2015-01-08,7.88,8.05,7.56,7.95,24323354
2015-01-09,7.88,8.08,7.81,7.91,14952141
2015-01-12,7.98,8.15,7.9,8.14,15633681
2015-01-13,8.17,8.3,7.93,7.97,18285294
2015-01-14,7.8,8.16,7.72,8.14,15086651
2015-01-15,8.1,8.2,7.71,7.72,13713178
2015-01-16,7.72,7.75,7.38,7.44,15146908
2015-01-20,7.47,7.53,7.17,7.24,11404996
2015-01-21,7.17,7.33,7.14,7.25,7916164
2015-01-22,7.25,7.53,7.25,7.49,10377292
2015-01-23,7.5,7.58,7.38,7.52,6920662
2015-01-26,7.55,7.72,7.44,7.63,6243275
2015-01-27,7.54,7.74,7.52,7.62,8341635
2015-01-28,7.61,7.77,7.45,7.46,8346967
2015-01-29,7.48,7.52,7.11,7.46,11064266
2015-01-30,7.38,7.46,7.17,7.27,10478310
2015-02-02,7.17,7.44,7.01,7.43,12772679
2015-02-03,7.4,7.72,7.3,7.56,10561088
2015-02-04,7.55,7.87,7.52,7.83,10353396
2015-02-05,7.82,7.96,7.7,7.77,9837926
2015-02-06,7.83,7.91,7.71,7.8,6494849
2015-02-09,7.78,8.15,7.72,7.95,11546941
2015-02-10,7.99,8.09,7.85,8.05,7119154
2015-02-11,8.02,8.1,7.81,7.88,7425135
2015-02-12,7.88,8.05,7.77,7.91,6309334
2015-02-13,8.07,8.15,8.01,8.05,8350287
2015-02-17,8.05,8.22,7.96,8.13,7811527
2015-02-18,8.23,8.5,8.12,8.27,15180684
2015-02-19,8.26,8.26,8.12,8.16,6823206
2015-02-20,8.12,8.25,8.06,8.22,6108050
2015-02-23,8.25,8.49,8.21,8.47,13867031
2015-02-24,8.56,8.96,8.51,8.89,20843540
2015-02-25,9.04,9.18,8.75,8.99,21287742
2015-02-26,9.07,9.15,8.88,9.12,24779194
2015-02-27,8.0,8.9,7.88,8.5,65873365
2015-03-02,8.46,8.46,7.8,7.85,30852264
2015-03-03,7.8,8.05,7.8,7.88,13354104
2015-03-04,7.84,8.01,7.84,7.88,10425638
2015-03-05,7.93,7.98,7.67,7.72,11521511
2015-03-06,7.69,7.87,7.57,7.65,11352187
2015-03-09,7.65,7.68,7.25,7.33,16175409
2015-03-10,7.27,7.58,7.25,7.37,8562264
2015-03-11,7.4,7.41,7.24,7.31,6333241
2015-03-12,7.31,7.5,7.28,7.49,7829806
2015-03-13,7.45,7.74,7.44,7.73,11883443
2015-03-16,7.77,7.83,7.6,7.8,8610325
2015-03-17,7.75,7.96,7.71,7.88,8907255
2015-03-18,7.83,7.83,7.6,7.65,10123203
2015-03-19,7.64,7.81,7.6,7.77,6538333
2015-03-20,7.78,7.84,7.68,7.7,8227507
2015-03-23,7.67,8.11,7.67,8.02,14431889
2015-03-24,7.97,8.12,7.92,8.04,8284096
2015-03-25,8.02,8.09,7.94,7.98,10731116
2015-03-26,7.93,7.94,7.57,7.65,13304211
2015-03-27,7.61,7.76,7.58,7.63,5086093
2015-03-30,7.65,7.88,7.61,7.83,6788498
2015-03-31,8.04,8.49,8.03,8.41,30793053
2015-04-01,8.45,8.94,8.41,8.9,24649472
2015-04-02,8.86,9.2,8.82,9.13,20423226
2015-04-06,9.03,9.3,9.01,9.29,12899410
2015-04-07,9.26,9.3,8.81,8.88,13147173
2015-04-08,8.88,9.11,8.86,9.08,9011833
2015-04-09,9.03,9.22,9.03,9.2,9320950
2015-04-10,9.25,9.42,9.21,9.22,9083697
2015-04-13,9.19,9.42,9.09,9.4,9535624
2015-04-14,9.35,9.5,9.02,9.15,20659038
2015-04-15,9.15,9.29,8.92,8.93,10331515
2015-04-16,8.9,8.92,8.61,8.69,13173398
2015-04-17,8.6,8.78,8.5,8.71,10160938
2015-04-20,8.74,8.77,8.64,8.65,6156358
2015-04-21,8.65,8.68,8.53,8.58,7284129
2015-04-22,8.58,8.61,8.33,8.56,9840418
2015-04-23,8.55,8.62,8.36,8.48,8575804
2015-04-24,8.52,8.62,8.38,8.41,6937257
2015-04-27,8.41,8.49,8.28,8.32,5326754
2015-04-28,8.28,8.64,8.26,8.6,9650934
2015-04-29,8.55,8.55,8.17,8.39,11823562
2015-04-30,8.35,8.44,8.17,8.3,8238891
2015-05-01,8.31,8.46,8.19,8.43,7691951
2015-05-04,8.45,8.57,8.33,8.37,9714379
2015-05-05,8.36,8.48,8.15,8.15,6328508
2015-05-06,8.22,8.24,8.02,8.19,7055315
2015-05-07,8.2,8.27,8.02,8.25,7716464
2015-05-08,8.35,8.64,8.31,8.5,13595827
2015-05-11,8.57,8.94,8.43,8.75,18651727
2015-05-12,8.7,8.98,8.54,8.88,19700823
2015-05-13,8.8,8.82,8.45,8.71,37007538
2015-05-14,8.67,8.7,8.02,8.04,59462631
2015-05-15,8.18,8.58,8.12,8.56,32279446
2015-05-18,8.54,8.6,8.31,8.55,17248115
2015-05-19,8.51,8.69,8.44,8.55,12855717
2015-05-20,8.52,8.71,8.48,8.66,12583651
2015-05-21,8.61,8.99,8.58,8.84,15386970
2015-05-22,8.85,9.08,8.81,8.83,10644750
2015-05-26,8.78,8.97,8.73,8.73,13176095
2015-05-27,8.75,8.87,8.6,8.6,12464835
2015-05-28,8.59,8.71,8.53,8.63,9405161
2015-05-29,8.59,8.64,8.5,8.59,10028736
2015-06-01,8.57,8.7,8.48,8.5,9792955
2015-06-02,8.46,8.84,8.45,8.75,10248747
2015-06-03,8.77,8.86,8.7,8.84,7586218
2015-06-04,8.79,8.86,8.63,8.64,8032718
2015-06-05,8.6,8.65,8.41,8.53,8696401
2015-06-08,8.53,8.7,8.48,8.57,11120156
2015-06-09,8.57,8.63,8.43,8.46,10127705
2015-06-10,8.53,8.59,8.4,8.56,12641578
2015-06-11,8.65,8.7,8.3,8.35,12325272
2015-06-12,8.3,8.34,8.16,8.22,10585348
2015-06-15,8.18,8.48,8.13,8.38,12682568
2015-06-16,8.36,8.46,8.1,8.13,11249803
2015-06-17,8.14,8.35,8.13,8.24,10869842
2015-06-18,8.24,8.38,8.16,8.31,7527238
2015-06-19,8.33,8.55,8.3,8.5,12012290
2015-06-22,8.53,8.62,8.4,8.57,8728757
2015-06-23,8.43,8.85,8.42,8.83,12987961
2015-06-24,8.81,8.99,8.65,8.78,15861402
2015-06-25,8.84,8.95,8.77,8.79,7530537
2015-06-26,8.84,8.93,8.7,8.83,6604188
2015-06-29,8.72,8.91,8.48,8.51,11926599
2015-06-30,8.56,8.64,8.42,8.47,10000481
2015-07-01,8.57,8.69,8.35,8.65,9575251
2015-07-02,8.62,8.74,8.47,8.55,6688581
2015-07-06,8.42,8.78,8.41,8.73,7876790
2015-07-07,8.88,9.18,8.74,9.16,19850667
2015-07-08,9.04,9.14,8.92,9.02,8948867
2015-07-09,9.13,9.21,8.85,8.86,8536541
2015-07-10,8.92,9.0,8.88,8.95,5846187
2015-07-13,8.98,9.16,8.97,9.14,6161721
2015-07-14,9.06,9.06,8.9,9.01,9581606
2015-07-15,9.05,9.39,8.98,9.1,14465059
2015-07-16,9.11,9.19,8.94,8.94,7687219
2015-07-17,8.95,8.97,8.72,8.78,8359134
2015-07-20,8.75,8.82,8.5,8.51,10394512
2015-07-21,8.51,8.72,8.46,8.5,7357797
2015-07-22,8.76,9.07,8.69,8.73,12289387
2015-07-23,8.75,8.85,8.5,8.52,8023001
2015-07-24,8.53,8.65,8.44,8.44,10685494
2015-07-27,8.42,8.52,8.17,8.24,11238347
2015-07-28,8.3,8.35,8.15,8.2,9925043
2015-07-29,8.22,8.32,8.14,8.29,7268470
2015-07-30,8.28,8.32,8.21,8.26,4867673
2015-07-31,8.24,8.33,8.17,8.24,5799015
2015-08-03,8.21,8.33,8.15,8.17,7172418
2015-08-04,8.2,8.22,8.03,8.16,9467907
2015-08-05,8.23,8.43,8.17,8.38,8497617
2015-08-06,8.39,8.55,8.26,8.53,9335694
2015-08-07,8.46,8.56,8.1,8.24,13031193
2015-08-10,8.27,8.43,8.15,8.38,6211140
2015-08-11,8.35,8.43,8.21,8.33,7141586
2015-08-12,8.22,8.3,7.9,8.27,14902291
2015-08-13,8.21,8.28,8.0,8.07,22982261
2015-08-14,8.68,8.8,8.39,8.52,36575178
2015-08-17,8.73,8.97,8.67,8.92,23131067
2015-08-18,9.02,9.15,8.63,8.69,17051124
2015-08-19,8.71,8.75,8.38,8.49,12906128
2015-08-20,8.4,8.48,8.2,8.2,14341841
2015-08-21,8.1,8.26,8.03,8.08,14864518
2015-08-24,7.55,7.78,7.21,7.91,19415398
2015-08-25,8.19,8.19,7.87,7.92,11868285
2015-08-26,8.1,8.1,7.72,7.93,14846642
2015-08-27,8.02,8.48,7.97,8.47,14690201
2015-08-28,8.44,9.05,8.4,8.94,25856450
2015-08-31,9.12,9.3,9.02,9.11,21667058
2015-09-01,8.94,9.44,8.94,9.26,21918974
2015-09-02,9.39,9.48,9.14,9.32,10379698
2015-09-03,9.37,9.7,9.35,9.64,13320897
2015-09-04,9.55,9.76,9.48,9.68,11182019
2015-09-08,9.81,10.0,9.77,9.98,11192178
2015-09-09,10.03,10.04,9.61,9.64,15943316
2015-09-10,9.61,9.86,9.46,9.57,11734912
2015-09-11,9.53,9.75,9.48,9.74,7594313
2015-09-14,9.73,9.89,9.62,9.74,7995207
2015-09-15,9.75,9.86,9.68,9.73,7594794
2015-09-16,9.74,9.92,9.66,9.91,6803637
2015-09-17,9.87,9.97,9.75,9.78,8125348
2015-09-18,9.69,9.78,9.47,9.5,8542643
2015-09-21,9.52,9.72,9.46,9.51,5952826
2015-09-22,9.42,9.5,9.23,9.38,6613689
2015-09-23,9.41,9.55,9.31,9.37,5394074
2015-09-24,9.32,9.44,9.15,9.33,7527467
2015-09-25,9.4,9.55,9.32,9.43,6432477
2015-09-28,9.62,9.72,9.27,9.29,13086258
2015-09-29,9.26,9.27,8.95,9.1,10810542
2015-09-30,9.2,9.37,9.11,9.29,9760787
2015-10-01,9.26,9.36,9.02,9.27,11746999
2015-10-02,9.2,9.98,9.14,9.92,20583897
2015-10-05,9.96,10.09,9.76,9.79,10914579
2015-10-06,9.75,9.96,9.72,9.79,11809160
2015-10-07,9.66,9.71,9.21,9.38,22212337
2015-10-08,9.38,9.72,9.35,9.62,10263617
2015-10-09,9.65,9.79,9.58,9.79,7702975
2015-10-12,9.75,9.78,9.53,9.71,6666250
2015-10-13,9.66,9.85,9.57,9.65,10454614
2015-10-14,9.63,9.76,9.34,9.43,11373943
2015-10-15,9.43,9.56,9.25,9.5,7451509
2015-10-16,9.5,9.64,9.46,9.62,4903441
2015-10-19,9.59,9.86,9.49,9.77,9768322
2015-10-20,9.77,9.9,9.72,9.88,8338063
2015-10-21,9.9,9.9,9.74,9.81,7225742
2015-10-22,9.81,10.0,9.73,9.98,10792366
2015-10-23,10.0,10.04,9.02,9.09,30716741
2015-10-26,9.14,9.28,8.88,9.15,10500491
2015-10-27,9.23,9.23,8.94,8.99,10473124
2015-10-28,9.01,9.3,8.97,9.27,7844127
2015-10-29,9.28,9.36,9.0,9.08,8574619
2015-10-30,9.04,9.22,8.99,9.17,8174047
2015-11-02,9.14,9.16,8.81,8.99,14121656
2015-11-03,8.99,9.34,8.97,9.16,12299315
2015-11-04,9.18,9.18,8.84,8.86,13975958
2015-11-05,8.89,8.93,8.61,8.68,10937022
2015-11-06,8.64,8.9,8.64,8.74,13278868
2015-11-09,8.73,8.75,8.2,8.53,20060940
2015-11-10,8.46,8.75,8.42,8.68,10974931
2015-11-11,8.84,8.88,8.24,8.52,37219130
2015-11-12,8.67,8.96,8.63,8.79,21414501
2015-11-13,8.11,8.25,7.23,7.44,79183084
2015-11-16,7.41,7.65,7.19,7.63,29848388
2015-11-17,7.73,7.79,7.37,7.43,16245541
2015-11-18,7.45,7.71,7.36,7.69,12938587
2015-11-19,7.7,7.75,7.53,7.66,9634562
2015-11-20,7.73,7.96,7.71,7.79,12500916
2015-11-23,7.77,8.11,7.75,8.11,12453031
2015-11-24,8.0,8.32,7.97,8.3,11140095
2015-11-25,8.3,8.37,8.21,8.27,10661664
2015-11-27,8.4,8.41,8.12,8.21,5116509
2015-11-30,8.22,8.22,7.91,7.97,13305144
2015-12-01,7.99,8.15,7.94,7.97,10795500
2015-12-02,7.95,8.07,7.78,7.81,8993659
2015-12-03,7.83,8.01,7.75,7.89,12019344
2015-12-04,7.86,8.1,7.84,8.06,10633456
2015-12-07,8.01,8.04,7.84,7.88,8692868
2015-12-08,7.78,7.87,7.68,7.72,8425773
2015-12-09,7.75,7.77,7.41,7.47,11054849
2015-12-10,7.67,7.78,7.45,7.48,11142874
2015-12-11,7.47,7.48,7.27,7.34,11253593
2015-12-14,7.33,7.39,6.87,7.03,19586880
2015-12-15,7.07,7.2,7.04,7.16,11147626
2015-12-16,7.15,7.38,7.0,7.02,10948225
2015-12-17,7.03,7.03,6.55,6.61,24922722
2015-12-18,6.61,6.75,6.5,6.63,14207335
2015-12-21,6.69,6.8,6.61,6.68,10599950
2015-12-22,6.74,6.85,6.68,6.84,9751001
2015-12-23,6.88,7.13,6.83,7.1,13525219
2015-12-24,7.15,7.24,6.93,6.96,7553671
2015-12-28,6.95,7.01,6.87,6.91,7196989
2015-12-29,6.94,6.99,6.75,6.84,13178855
2015-12-30,6.84,6.88,6.73,6.77,9474875
2015-12-31,6.75,6.87,6.65,6.66,8829563
2016-01-04,6.53,7.03,6.51,6.97,19302456
2016-01-05,7.23,7.23,6.92,7.17,19374655
2016-01-06,6.97,7.02,6.78,7.0,16025366
2016-01-07,7.12,7.37,7.09,7.26,24527664
2016-01-08,7.31,7.36,7.05,7.17,16088675
2016-01-11,7.29,7.3,7.08,7.3,13940942
2016-01-12,7.35,7.42,7.09,7.31,14913327
2016-01-13,7.33,7.47,7.24,7.36,16882107
2016-01-14,7.38,7.46,7.12,7.3,20702828
2016-01-15,7.11,7.21,6.89,7.01,19293637
2016-01-19,7.05,7.06,6.48,6.57,17612968
2016-01-20,6.43,6.45,6.0,6.31,23890129
2016-01-21,6.29,6.68,6.29,6.56,11707257
2016-01-22,6.65,6.77,6.5,6.75,10615134
2016-01-25,6.73,6.93,6.64,6.66,8232927
2016-01-26,6.69,6.87,6.6,6.79,9536766
2016-01-27,6.75,7.15,6.73,6.93,10963685
2016-01-28,7.0,7.08,6.8,6.82,8641546
2016-01-29,6.95,7.3,6.95,7.26,12869431
2016-02-01,7.18,7.5,7.04,7.46,8806032
2016-02-02,7.57,7.71,7.35,7.46,12872498
2016-02-03,7.45,7.79,7.27,7.73,12697166
2016-02-04,7.4,7.64,7.21,7.36,15009641
2016-02-05,7.25,7.56,7.2,7.4,9437142
2016-02-08,7.29,7.4,7.19,7.37,9955283
2016-02-09,7.27,7.54,7.26,7.39,8110147
2016-02-10,7.41,7.58,7.36,7.49,7202278
2016-02-11,7.39,7.49,6.93,6.99,10459073
2016-02-12,6.98,7.12,6.88,6.99,8380468
2016-02-16,7.1,7.48,6.9,7.42,12648673
2016-02-17,7.45,7.84,7.42,7.83,14563530
2016-02-18,7.74,7.83,7.56,7.63,12038726
2016-02-19,7.51,7.53,7.26,7.32,13496900
2016-02-22,7.35,7.44,7.15,7.4,12309786
2016-02-23,7.5,7.74,7.42,7.55,10362068
2016-02-24,7.5,7.72,7.35,7.7,10425292
2016-02-25,7.83,8.47,7.74,8.36,32425462
2016-02-26,9.65,9.71,8.89,9.59,65223372
2016-02-29,9.58,10.23,9.42,10.2,38619454
2016-03-01,10.2,10.28,9.9,10.18,20951348
2016-03-02,10.06,10.61,10.01,10.58,17524191
2016-03-03,10.53,10.92,10.35,10.84,20612002
2016-03-04,11.11,11.49,10.88,11.21,34980080
2016-03-07,11.15,11.86,11.06,11.68,25072287
2016-03-08,11.63,11.99,11.5,11.86,19340137
2016-03-09,11.9,11.92,11.41,11.51,16256966
2016-03-10,11.62,11.78,11.32,11.55,12667381
2016-03-11,11.65,11.7,11.16,11.22,14130635
2016-03-14,11.12,11.72,11.06,11.48,15333487
2016-03-15,11.34,11.4,10.94,11.19,13587031
2016-03-16,11.1,11.25,11.0,11.23,8520327
2016-03-17,11.2,11.6,11.05,11.52,8661526
2016-03-18,11.52,11.85,11.48,11.57,12225243
2016-03-21,11.53,11.73,11.43,11.53,5694188
2016-03-22,11.45,11.51,11.25,11.26,8445506
2016-03-23,11.23,11.28,10.96,10.96,10054841
2016-03-24,10.9,10.93,10.54,10.91,11330005
2016-03-28,10.89,11.35,10.88,11.22,8286973
2016-03-29,11.32,11.46,11.22,11.43,11390683
2016-03-30,11.47,11.5,11.04,11.22,12156992
2016-03-31,11.22,11.3,11.03,11.06,8676971
2016-04-01,11.01,11.13,10.61,10.63,12667960
2016-04-04,10.81,10.99,10.52,10.54,12008008
2016-04-05,10.41,10.56,10.24,10.43,12152857
2016-04-06,10.47,10.72,10.25,10.58,10172325
2016-04-07,10.54,10.57,9.98,10.16,18912699
2016-04-08,10.14,10.18,9.89,10.02,11853768
2016-04-11,10.02,10.1,9.77,9.79,18659859
2016-04-12,9.82,9.97,9.55,9.75,21583128
2016-04-13,9.81,10.08,9.62,10.06,12447058
2016-04-14,10.1,10.12,9.59,9.66,14212198
2016-04-15,9.66,9.97,9.48,9.85,12915124
2016-04-18,9.83,9.98,9.76,9.9,9550243
2016-04-19,9.91,9.97,9.63,9.74,11790251
2016-04-20,9.75,10.05,9.71,9.81,9163667
2016-04-21,9.88,9.9,9.51,9.55,12370019
2016-04-22,9.52,9.75,9.51,9.53,7621913
2016-04-25,9.5,9.58,9.41,9.47,9893869
2016-04-26,9.42,9.55,9.17,9.49,10681338
2016-04-27,9.52,9.66,9.4,9.63,7555924
2016-04-28,9.56,9.84,9.52,9.66,10216156
2016-04-29,9.69,9.69,9.23,9.28,13698877
2016-05-02,9.5,9.75,9.32,9.62,15178196
2016-05-03,9.57,9.64,9.32,9.32,11501359
2016-05-04,9.26,9.3,8.86,9.03,16466049
2016-05-05,9.0,9.09,8.75,8.93,17366905
2016-05-06,8.59,8.6,8.02,8.26,34076405
2016-05-09,8.55,8.7,8.13,8.43,18463486
2016-05-10,8.34,8.38,7.99,8.09,18692407
2016-05-11,7.85,8.09,7.75,7.89,20846429
2016-05-12,7.81,7.98,7.65,7.8,22321837
2016-05-13,7.36,7.97,7.31,7.58,70719994
2016-05-16,7.75,7.85,7.35,7.39,32361623
2016-05-17,7.41,7.45,7.18,7.26,20305305
2016-05-18,7.2,7.39,7.1,7.3,18370839
2016-05-19,7.36,7.68,7.33,7.6,18759457
2016-05-20,7.68,7.75,7.48,7.74,13063546
2016-05-23,7.77,7.96,7.66,7.68,13524568
2016-05-24,7.73,7.85,7.62,7.83,11651657
2016-05-25,7.85,7.95,7.68,7.91,13808755
2016-05-26,7.94,8.0,7.63,7.66,11517564
2016-05-27,7.78,7.87,7.68,7.86,9909974
2016-05-31,7.88,7.94,7.74,7.79,12682481
2016-06-01,7.86,7.89,7.7,7.78,11904952
2016-06-02,7.79,8.38,7.75,8.36,20244266
2016-06-03,8.33,8.5,8.26,8.45,14313170
2016-06-06,8.45,8.54,8.37,8.46,11658886
2016-06-07,8.48,8.68,8.46,8.64,12046921
2016-06-08,8.66,8.8,8.48,8.58,10268547
2016-06-09,8.53,8.55,8.21,8.42,13713585
2016-06-10,8.23,8.37,8.12,8.2,8541954
2016-06-13,8.2,8.32,8.05,8.08,8449832
2016-06-14,8.05,8.12,7.91,8.02,9111016
2016-06-15,8.0,8.65,7.99,8.35,17004734
2016-06-16,8.33,8.36,8.16,8.26,8717604
2016-06-17,8.26,8.56,8.26,8.48,9721542
2016-06-20,8.58,8.65,8.45,8.46,7591868
2016-06-21,8.52,8.62,8.39,8.58,7827099
2016-06-22,8.56,8.62,8.41,8.42,7770368
2016-06-23,8.48,8.86,8.46,8.55,15558846
2016-06-24,8.31,8.53,8.15,8.46,16991648
2016-06-27,8.43,8.51,8.01,8.43,16127191
2016-06-28,8.49,8.75,8.48,8.69,14902242
2016-06-29,8.79,9.1,8.79,8.88,16484482
2016-06-30,8.88,8.92,8.74,8.88,9800321
2016-07-01,8.8,9.1,8.79,8.93,8363029
2016-07-05,8.85,8.9,8.5,8.66,11572075
2016-07-06,8.6,8.67,8.3,8.54,15867741
2016-07-07,8.58,8.73,8.36,8.47,13217388
2016-07-08,8.57,8.67,8.38,8.49,14177933
2016-07-11,8.52,8.72,8.51,8.68,9898285
2016-07-12,8.72,8.8,8.52,8.56,12953214
2016-07-13,8.56,8.69,8.45,8.49,8810338
2016-07-14,8.57,8.63,8.51,8.57,5234992
2016-07-15,8.6,8.67,8.42,8.46,9594344
2016-07-18,8.5,8.71,8.45,8.7,8620529
2016-07-19,8.7,8.73,8.5,8.55,6944442
2016-07-20,8.59,8.88,8.5,8.87,7081170
2016-07-21,8.85,9.22,8.85,9.09,14805585
2016-07-22,9.15,9.19,8.94,9.15,10483685
2016-07-25,9.2,9.49,9.14,9.47,12408000
2016-07-26,9.5,9.82,9.45,9.65,18503030
2016-07-27,9.7,9.74,9.2,9.4,13246947
2016-07-28,9.39,9.5,9.12,9.49,7449475
2016-07-29,9.47,9.72,9.3,9.66,9942120
2016-08-01,9.73,9.79,9.62,9.71,8968347
2016-08-02,9.66,9.69,9.27,9.28,12364630
2016-08-03,8.9,9.14,8.5,9.13,20489406
2016-08-04,9.04,9.3,8.93,9.2,12381153
2016-08-05,9.23,9.46,9.23,9.39,13452070
2016-08-08,9.42,9.59,9.4,9.5,12321863
2016-08-09,9.42,9.51,9.18,9.34,12614754
2016-08-10,9.29,9.51,9.12,9.15,16159103
2016-08-11,9.62,10.11,9.58,9.94,48593564
2016-08-12,10.08,10.72,9.7,10.55,57476848
2016-08-15,10.63,11.3,10.62,11.29,35206138
2016-08-16,11.21,11.3,11.03,11.15,17869267
2016-08-17,11.08,11.09,10.66,10.75,23520200
2016-08-18,10.79,10.83,10.21,10.28,23014330
2016-08-19,10.25,10.46,10.18,10.25,13291750
2016-08-22,10.2,10.22,9.9,10.1,16780268
2016-08-23,10.15,10.37,10.13,10.13,13726531
2016-08-24,10.18,10.18,9.81,9.83,12367488
2016-08-25,9.87,9.97,9.7,9.97,14870453
2016-08-26,10.02,10.14,9.85,9.89,10419793
2016-08-29,9.94,10.02,9.77,9.81,8299156
2016-08-30,9.88,9.88,9.6,9.67,8682572
2016-08-31,9.67,9.72,9.39,9.43,9745226
2016-09-01,9.48,9.52,9.28,9.44,12895843
2016-09-02,9.54,9.75,9.41,9.49,12880942
2016-09-06,9.55,9.6,9.29,9.44,12913407
2016-09-07,9.48,10.02,9.48,9.99,16971584
2016-09-08,10.12,10.14,9.77,9.81,17593889
2016-09-09,9.67,10.01,9.64,9.9,15164887
2016-09-12,9.81,10.07,9.8,9.91,12667003
2016-09-13,9.81,9.83,9.46,9.63,13546933
2016-09-14,9.68,9.74,9.49,9.58,9587144
2016-09-15,9.59,10.11,9.55,10.1,15720871
2016-09-16,10.05,10.22,9.95,10.1,15258111
2016-09-19,10.15,10.46,10.08,10.09,13741358
2016-09-20,10.09,10.13,9.67,9.8,12079394
2016-09-21,9.85,10.01,9.8,10.0,10349302
2016-09-22,10.07,10.09,9.72,9.76,13230487
2016-09-23,9.76,10.08,9.71,9.78,7767422
2016-09-26,9.7,9.8,9.57,9.57,8404586
2016-09-27,9.6,9.76,9.49,9.55,11456194
2016-09-28,9.52,9.67,9.34,9.55,12113803
2016-09-29,9.54,9.62,9.24,9.25,16450944
2016-09-30,9.29,9.39,9.08,9.22,13979260
2016-10-03,9.2,9.21,8.87,9.01,17616870
2016-10-04,9.0,9.08,8.86,8.99,11596295
2016-10-05,9.04,9.12,8.94,9.01,10046411
2016-10-06,9.01,9.4,8.9,9.37,15108808
2016-10-07,9.4,9.69,9.26,9.44,15754622
2016-10-10,9.47,9.54,9.04,9.06,13519245
2016-10-11,9.1,9.15,8.94,9.01,11026004
2016-10-12,9.02,9.04,8.87,8.93,10474926
2016-10-13,8.9,8.91,8.63,8.73,14884455
2016-10-14,8.6,8.77,8.6,8.67,10757710
2016-10-17,8.65,8.77,8.5,8.52,11349094
2016-10-18,8.62,8.63,8.39,8.48,11185732
2016-10-19,8.48,8.87,8.46,8.85,14386906
2016-10-20,8.88,8.89,8.64,8.66,14722347
2016-10-21,8.6,8.9,8.6,8.84,15867065
2016-10-24,8.84,8.97,8.55,8.56,12343025
2016-10-25,8.5,8.51,8.26,8.37,16177015
2016-10-26,8.37,8.66,8.29,8.41,15601965
2016-10-27,8.43,8.46,8.25,8.31,12364584
2016-10-28,8.3,8.57,8.3,8.48,11742805
2016-10-31,8.5,8.71,8.49,8.59,11181163
2016-11-01,8.57,8.62,8.37,8.48,8663696
2016-11-02,8.4,8.48,8.33,8.41,11420932
2016-11-03,8.41,8.48,8.22,8.24,11889412
2016-11-04,8.22,8.36,8.07,8.2,12098236
2016-11-07,8.32,8.54,8.25,8.3,14124538
2016-11-08,8.28,8.31,7.97,8.11,18418597
2016-11-09,7.97,8.42,7.92,8.36,13359510
2016-11-10,8.73,9.15,8.67,8.81,35945364
2016-11-11,8.33,9.29,8.3,9.16,61859719
2016-11-14,9.11,9.97,9.08,9.52,40962785
2016-11-15,9.41,9.5,9.02,9.12,20686456
2016-11-16,9.12,9.34,9.06,9.18,12804414
2016-11-17,9.2,9.45,9.09,9.43,12755697
2016-11-18,9.39,9.5,9.16,9.47,13367580
2016-11-21,9.52,9.55,9.23,9.36,11235850
2016-11-22,9.42,9.8,9.42,9.72,14280313
2016-11-23,9.7,9.9,9.58,9.82,10476785
2016-11-25,9.97,9.98,9.63,9.68,8385281
2016-11-28,9.69,9.7,9.15,9.2,17905242
2016-11-29,9.25,9.69,9.15,9.54,25062552
2016-11-30,9.48,9.69,9.3,9.47,16218965
2016-12-01,9.47,9.84,9.42,9.53,14929087
2016-12-02,9.93,10.09,9.75,9.81,20255533
2016-12-05,9.84,10.05,9.78,9.86,19028438
2016-12-06,9.81,10.14,9.8,10.02,18709194
2016-12-07,10.04,10.46,10.01,10.44,19545343
2016-12-08,10.37,10.74,10.37,10.56,15248644
2016-12-09,10.53,10.56,10.11,10.21,15424406
2016-12-12,10.14,10.2,9.79,9.8,15123917
2016-12-13,9.82,10.0,9.61,9.87,13128746
2016-12-14,9.86,9.89,9.55,9.55,9989092
2016-12-15,9.58,9.65,9.26,9.27,11874106
2016-12-16,9.22,9.22,8.59,8.62,26649135
2016-12-19,8.65,8.98,8.63,8.69,17777099
2016-12-20,8.75,9.12,8.75,9.03,20318809
2016-12-21,9.09,9.2,9.04,9.05,12946831
2016-12-22,9.02,9.02,8.5,8.56,25943167
2016-12-23,8.58,8.72,8.4,8.46,11761935
2016-12-27,8.5,8.69,8.36,8.53,14053773
2016-12-28,8.57,8.62,8.38,8.47,12057898
2016-12-29,8.45,8.58,8.3,8.42,11855113
2016-12-30,8.45,8.51,8.21,8.31,18196151
2017-01-03,8.35,8.39,7.97,8.33,30774861
2017-01-04,8.38,8.8,8.38,8.47,24641811
2017-01-05,8.01,8.15,7.78,7.86,43557572
2017-01-06,7.5,8.0,7.4,7.57,58310599
2017-01-09,7.54,7.57,7.19,7.19,27731712
2017-01-10,7.22,7.24,6.95,7.0,37696896
2017-01-11,7.04,7.1,6.85,7.05,29246859
2017-01-12,7.03,7.08,6.93,6.94,17339180
2017-01-13,6.97,7.02,6.73,6.76,26551383
2017-01-17,6.84,7.15,6.84,6.94,28888944
2017-01-18,6.81,6.88,6.64,6.81,24871871
2017-01-19,6.85,6.91,6.66,6.69,22310326
2017-01-20,6.73,6.94,6.68,6.85,24263721
2017-01-23,6.82,7.01,6.76,6.85,18841119
2017-01-24,6.82,7.0,6.8,6.95,15352523
2017-01-25,7.02,7.09,6.9,6.94,15479385
2017-01-26,6.96,7.01,6.76,6.77,13381866
2017-01-27,6.78,6.84,6.38,6.45,25446286
2017-01-30,6.4,6.59,6.35,6.55,19195889
2017-01-31,6.47,6.66,6.39,6.65,13279994
2017-02-01,6.66,6.7,6.53,6.53,12623588
2017-02-02,6.57,6.76,6.51,6.72,14974737
2017-02-03,6.72,6.88,6.6,6.69,18591025
2017-02-06,6.69,6.78,6.6,6.63,9016520
2017-02-07,6.64,6.74,6.59,6.64,15152011
2017-02-08,6.65,7.0,6.61,6.98,18864577
2017-02-09,6.96,7.14,6.88,7.07,17405666
2017-02-10,7.23,7.4,7.0,7.14,20400674
2017-02-13,7.25,7.38,7.0,7.02,18575682
2017-02-14,7.05,7.29,7.01,7.27,16789314
2017-02-15,7.25,7.42,7.25,7.31,14916377
2017-02-16,7.34,7.35,7.0,7.03,19210149
2017-02-17,7.0,7.06,6.9,7.03,13914968
2017-02-21,7.12,7.18,7.03,7.06,12640150
2017-02-22,7.1,7.13,6.95,7.05,11379194
2017-02-23,7.11,7.11,6.81,6.86,26320191
2017-02-24,6.62,6.72,6.18,6.46,69744980
2017-02-27,6.41,6.87,6.39,6.64,34332233
2017-02-28,6.53,6.53,6.27,6.34,23593393
2017-03-01,6.42,6.43,6.1,6.24,25344595
2017-03-02,6.3,6.48,6.27,6.36,15652713
2017-03-03,6.37,6.4,6.2,6.26,14487000
2017-03-06,6.24,6.25,5.87,5.96,25592282
2017-03-07,5.94,6.12,5.94,6.02,17533672
2017-03-08,5.98,6.34,5.98,6.24,18195544
2017-03-09,6.26,6.37,6.13,6.3,17220277
2017-03-10,6.35,6.39,6.21,6.36,14650664
2017-03-13,6.38,6.39,5.98,5.99,22459394
2017-03-14,6.03,6.04,5.85,6.01,17700290
2017-03-15,5.99,6.09,5.88,6.06,12571990
2017-03-16,6.01,6.21,5.96,6.16,12333894
2017-03-17,6.21,6.22,5.99,5.99,14521369
2017-03-20,6.01,6.03,5.77,5.85,17554211
2017-03-21,5.86,5.88,5.55,5.63,20856026
2017-03-22,5.6,5.61,5.47,5.59,13694335
2017-03-23,5.6,5.7,5.49,5.5,11634080
2017-03-24,5.51,5.6,5.45,5.57,10152197
2017-03-27,5.47,5.78,5.46,5.59,15160062
2017-03-28,5.58,5.8,5.51,5.79,14479927
2017-03-29,5.83,6.3,5.76,6.1,34850052
2017-03-30,6.05,6.25,6.02,6.15,23259684
2017-03-31,6.17,6.25,6.09,6.16,13069989
2017-04-03,6.15,6.2,5.96,6.02,12974546
2017-04-04,5.94,5.97,5.51,5.61,41802991
2017-04-05,5.61,5.93,5.54,5.68,25122981
2017-04-06,5.77,6.08,5.75,5.95,23370025
2017-04-07,5.94,6.02,5.76,5.82,19864095
2017-04-10,5.85,6.07,5.79,6.03,13575045
2017-04-11,6.07,6.13,5.96,6.11,9525978
2017-04-12,6.09,6.17,6.02,6.02,8545645
2017-04-13,6.04,6.04,5.68,5.91,20065366
2017-04-17,5.89,5.92,5.61,5.69,18711565
2017-04-18,5.67,5.75,5.61,5.72,14422080
2017-04-19,5.76,5.82,5.54,5.57,21607564
2017-04-20,5.66,5.79,5.57,5.73,22683548
2017-04-21,5.74,5.75,5.56,5.58,16396213
2017-04-24,5.64,5.68,5.51,5.62,14522352
2017-04-25,5.63,5.65,5.45,5.47,24060105
2017-04-26,5.48,5.6,5.46,5.52,15742909
2017-04-27,5.54,5.56,5.4,5.45,16132178
2017-04-28,5.47,5.48,5.32,5.38,23842648
2017-05-01,5.36,5.43,5.32,5.35,10869574
2017-05-02,5.33,5.5,5.32,5.44,13673191
2017-05-03,5.43,5.58,5.41,5.49,11605714
2017-05-04,5.53,5.61,5.37,5.38,12513973
2017-05-05,5.44,5.53,5.38,5.49,8990080
2017-05-08,5.5,5.6,5.47,5.47,15684777
2017-05-09,5.45,5.62,5.4,5.56,13357078
2017-05-10,5.55,5.73,5.53,5.71,12402597
2017-05-11,5.47,5.6,5.16,5.29,47899444
2017-05-12,4.95,5.0,4.48,4.55,87418964
2017-05-15,4.48,4.53,4.17,4.34,43120546
2017-05-16,4.39,4.63,4.24,4.6,31252747
2017-05-17,4.54,4.74,4.5,4.67,30145160
2017-05-18,4.7,4.74,4.46,4.49,18369630
2017-05-19,4.55,4.62,4.46,4.56,16422187
2017-05-22,4.56,4.72,4.55,4.64,10645385
2017-05-23,4.65,4.7,4.59,4.62,8545377
2017-05-24,4.61,4.71,4.56,4.65,9977389
2017-05-25,4.67,4.82,4.62,4.66,16352683
2017-05-26,4.66,4.78,4.65,4.71,11427742
2017-05-30,4.7,4.84,4.67,4.71,10962507
2017-05-31,4.73,4.74,4.54,4.7,12206157
2017-06-01,4.72,4.93,4.65,4.83,71621259
2017-06-02,4.83,4.92,4.78,4.89,11884116
2017-06-05,4.84,5.02,4.8,4.92,13988876
2017-06-06,4.88,4.94,4.63,4.72,19727490
2017-06-07,4.72,4.83,4.7,4.79,7717100
2017-06-08,4.92,4.94,4.54,4.56,16239638
2017-06-09,4.57,4.89,4.55,4.87,16460340
2017-06-12,4.83,5.21,4.82,4.86,21611110
2017-06-13,4.88,4.93,4.74,4.77,12802524
2017-06-14,4.76,4.97,4.65,4.92,19735113
2017-06-15,4.84,4.98,4.78,4.84,11322059
2017-06-16,4.81,5.02,4.72,5.02,16580279
2017-06-19,5.0,5.02,4.82,4.84,13250404
2017-06-20,4.83,4.85,4.53,4.59,21633964
2017-06-21,4.62,4.62,4.27,4.33,21502976
2017-06-22,4.37,4.46,4.25,4.38,17366797
2017-06-23,4.37,4.57,4.34,4.56,37675550
2017-06-26,4.56,4.73,4.53,4.67,13329177
2017-06-27,4.78,4.96,4.75,4.82,30334290
2017-06-28,4.85,4.95,4.61,4.64,24568083
2017-06-29,4.62,4.77,4.58,4.64,16727597
2017-06-30,4.7,4.74,4.62,4.65,10736463
2017-07-03,4.64,4.79,4.64,4.76,7091438
2017-07-05,4.73,4.81,4.65,4.7,9989350
2017-07-06,4.68,4.7,4.5,4.53,12062110
2017-07-07,4.53,4.58,4.47,4.55,7578825
2017-07-10,4.52,4.57,4.4,4.48,14935641
2017-07-11,4.42,4.64,4.41,4.56,12095155
